wave,tp
23594.875,0.1722841456989256
23604.915,0.1861387665998193
23614.953,0.2000594636898982
23624.992,0.2142298421073091
23635.032,0.2288139288258471
23645.07,0.2439473992148714
23655.11,0.259733368967882
23665.15,0.2762395725669993
23675.187,0.2934841783809607
23685.226,0.3114251072190258
23695.266,0.3299540716298982
23705.303999999996,0.3489123121123407
23715.343,0.368110547180724
23725.383,0.3873363500678926
23735.423,0.4063515567308677
23745.46,0.4249049275720252
23755.5,0.4427855329808594
23765.54,0.4598361763648523
23775.577999999998,0.4759257969257591
23785.617000000002,0.4909500493372944
23795.657000000003,0.5048375068141709
23805.695,0.5175397943571406
23815.734,0.529029647020451
23825.774,0.5393132088220838
23835.812,0.5484194368804574
23845.851,0.5563844038107391
23855.891,0.5632577850509387
23865.929,0.5691068780111367
23875.967999999997,0.5740131320703433
23886.007999999998,0.5780682327418349
23896.048,0.5813710703471113
23906.085,0.5840253759756856
23916.125,0.5861095390631523
23926.165,0.5876958161244192
23936.202999999998,0.5888828582836928
23946.242,0.5897584085565801
23956.282,0.5903817121648061
23966.32,0.5908254933297937
23976.36,0.5911770597811197
23986.399999999998,0.5915322123458556
23996.436999999998,0.5919864041112443
24006.476000000002,0.5926117304973825
24016.516,0.5934641251417382
24026.554,0.5945915381723058
24036.593,0.596026422099701
24046.633,0.5977789787140362
24056.670000000002,0.5998351526700585
24066.71,0.6021556896395795
24076.749999999996,0.6046918715285396
24086.789999999997,0.6073999657087576
24096.828,0.6102366003349893
24106.867,0.6131479888122721
24116.907,0.6160679968683753
24126.945000000003,0.6189267297459651
24136.984,0.6216744193150111
24147.023999999998,0.6242786061620608
24157.061999999998,0.6267165204948187
24167.101,0.6289656047065552
24177.140000000003,0.6309990187042989
24187.179,0.6327904104389632
24197.218,0.6343086056370048
24207.258,0.6355487981703516
24217.296,0.6365172006457438
24227.335000000003,0.6372083291542283
24237.375,0.637645827692069
24247.415,0.6378787879510194
24257.452,0.6379183075319546
24267.492000000002,0.6377692106507326
24277.532000000003,0.6374616632659803
24287.57,0.6370418227147604
24297.61,0.6365616619562086
24307.65,0.6360530028011984
24317.687,0.6355646495531292
24327.726,0.6351575943508132
24337.766,0.6348861751544915
24347.804,0.6348045028022922
24357.843,0.6349755333434656
24367.882999999998,0.6354479431822766
24377.92,0.6362170460611879
24387.96,0.6372510293385227
24398.0,0.6384942282985956
24408.037999999997,0.6398724451966241
24418.077,0.6413397523024975
24428.117000000002,0.6428643961313677
24438.157,0.6443977373288587
24448.195,0.6458791292596561
24458.234,0.6472674392401413
24468.274,0.6485462766601559
24478.311999999998,0.6497133556179138
24488.351000000002,0.6507829153910628
24498.39,0.6517775919747213
24508.429,0.6527272555302024
24518.468,0.6536639415642878
24528.508,0.6546087067952358
24538.546000000002,0.6555762873205688
24548.585,0.6566017917202338
24558.625,0.6577120002299073
24568.663,0.6588960426992374
24578.701999999997,0.6601098254147433
24588.742,0.661307117551028
24598.78,0.6624737061004251
24608.82,0.6635943687619882
24618.859999999997,0.6646514671082009
24628.899999999998,0.6656439542801972
24638.936999999998,0.6665742967238669
24648.976,0.6674353500746095
24659.016,0.6682261735160492
24669.054,0.6689678255686403
24679.093,0.6696945776795711
24689.133,0.6704625158429993
24699.170000000002,0.6713391016700105
24709.210000000003,0.6723705728913797
24719.25,0.673572166414467
24729.288,0.6749551328537777
24739.327,0.6765372774680359
24749.367000000002,0.6782984759436447
24759.405000000002,0.680196732660354
24769.444,0.682212172109251
24779.483999999997,0.6843165931268899
24789.523999999998,0.6864689960857022
24799.562,0.6886280726242681
24809.601,0.6907415930379289
24819.64,0.6927534686089603
24829.678999999996,0.6946149825781817
24839.718,0.6962651612888783
24849.757999999998,0.6976390397724404
24859.796,0.6987071497393299
24869.835,0.6994943400024339
24879.875,0.7000566881863268
24889.913,0.700436849953519
24899.952,0.7006617764287237
24909.992000000002,0.7007530347211843
24920.03,0.7007352350388927
24930.07,0.7006390003372241
24940.11,0.7004948219362658
24950.147,0.7003256626968554
24960.186,0.700150891950108
24970.226000000002,0.6999855855488316
24980.266000000003,0.6998452178869249
24990.304,0.6997412193007013
25000.342999999997,0.6996663736656727
25010.382999999998,0.6996145752162194
25020.42,0.6995799904858202
25030.46,0.6995480359220124
25040.5,0.6995224331426916
25050.538,0.6995119652958485
25060.577,0.6994854082257334
25070.617,0.6994058944170423
25080.655,0.6992468693845634
25090.694,0.6989935451017967
25100.734,0.6986592084730635
25110.771999999997,0.6982685844094783
25120.811,0.6978577594005331
25130.851000000002,0.697491617900076
25140.889,0.6972375223853844
25150.928,0.6971409822407285
25160.968,0.6972301959832249
25171.008,0.697522330080868
25181.046,0.6980352424606806
25191.085000000003,0.6987700793089293
25201.125000000004,0.6997265617407772
25211.163,0.7009009503330189
25221.201999999997,0.7022803592968517
25231.242,0.70380660083615
25241.280000000002,0.7054262278727458
25251.320000000003,0.7071430190156742
25261.36,0.7089527790067588
25271.397,0.7108392622746412
25281.435999999998,0.7127893273294218
25291.476,0.7147962018371244
25301.514,0.7168227451992812
25311.553,0.718785190506558
25321.593,0.7206298697852037
25331.633,0.7223547408984508
25341.670000000002,0.7239835666434675
25351.71,0.7255871359829755
25361.75,0.7272598917774199
25371.788,0.7290814363302692
25381.827,0.7311025113073729
25391.867000000002,0.7333527454936026
25401.905,0.7358611309010626
25411.944000000003,0.7386477300620214
25421.984,0.7417095029366082
25432.022,0.74503136189076
25442.060999999998,0.7486004289494919
25452.101,0.7523943667218732
25462.139000000003,0.7563707658031111
25472.178,0.7604799636518378
25482.217999999997,0.7646385221381629
25492.256,0.7687514026262826
25502.295,0.7726566077115907
25512.335,0.7761033120710741
25522.375,0.7790182250848248
25532.412999999997,0.7814601333899358
25542.452,0.7834574134100704
25552.492,0.7850393797767824
25562.53,0.786260660539164
25572.57,0.7872203018665848
25582.61,0.7880296622868092
25592.647,0.7888321983570862
25602.686,0.7898138149506777
25612.726000000002,0.7911148870312715
25622.764,0.79278266757806
25632.803000000004,0.7947988317783057
25642.843,0.797095369701976
25652.879999999997,0.7995887393251533
25662.92,0.8022054540978488
25672.96,0.8048801248008031
25682.999999999996,0.8075379956587619
25693.038,0.8100803849073381
25703.076999999997,0.8123838148393676
25713.117,0.8143221755300373
25723.155000000002,0.8157940903392424
25733.194,0.8167173603904775
25743.234,0.8170269019795151
25753.271999999997,0.8166906858577747
25763.311,0.8156907848486058
25773.351,0.8140718090383392
25783.389,0.811928294908537
25793.428,0.8094504337229521
25803.468,0.8069525049984818
25813.505999999998,0.8046236964199956
25823.545000000002,0.8025022171911592
25833.585000000003,0.8006324924662923
25843.623,0.7990954120715754
25853.662,0.7979555876475081
25863.702,0.7972264234199455
25873.742000000002,0.7968824101841637
25883.780000000002,0.7968799217252261
25893.82,0.7971613973450133
25903.86,0.7976505360187564
25913.897,0.7983121473533469
25923.935999999998,0.7991546251500525
25933.976,0.8001806225478533
25944.014000000003,0.8013826854917548
25954.053,0.8027474326182173
25964.093,0.8042638776454286
25974.13,0.8059209316055193
25984.17,0.8077126866444347
25994.21,0.8096504350896925
26004.248,0.811752164604733
26014.287,0.8140240878429765
26024.327,0.8164567519025852
26034.364999999998,0.8190273363694424
26044.405,0.8216923702980603
26054.444,0.8244197955115999
26064.484,0.8271914056390485
26074.522,0.8299626255089981
26084.561,0.8326867133514947
26094.6,0.8353308516586665
26104.639,0.8378788874294734
26114.677999999996,0.8403333092533433
26124.717999999997,0.8426772855099927
26134.756,0.8448771125064171
26144.795,0.8469116600946462
26154.835,0.8487748335335129
26164.873000000003,0.8504961131927696
26174.912,0.8521245186468488
26184.951999999997,0.8537104986623294
26194.989999999998,0.8553229288217431
26205.03,0.8570089825673527
26215.07,0.8587832175554524
26225.109999999997,0.8606626715535224
26235.146999999997,0.8626460453196773
26245.186,0.8647057318696612
26255.226,0.8668113958790514
26265.264,0.8689416369229916
26275.303,0.8710678752862288
26285.343,0.8731377674698219
26295.38,0.8751053135460648
26305.420000000002,0.8769531632995843
26315.460000000003,0.8786708965272755
26325.498,0.880257465717015
26335.537000000004,0.8817390676484764
26345.576999999997,0.8831444579682958
26355.615,0.8844898956968161
26365.654,0.8857860625385884
26375.694,0.8870310400288692
26385.732,0.8881972977509045
26395.772,0.8892649121809276
26405.810999999998,0.8902199838978575
26415.850000000002,0.8910444930669082
26425.889,0.8917427694634451
26435.928,0.8923182747525549
26445.968,0.8927814642766313
26456.005999999998,0.893139867468633
26466.045000000002,0.8933791564956792
26476.085,0.8935006520402246
26486.123,0.8935133998274531
26496.162,0.8934355240975106
26506.202,0.8933065766563834
26516.24,0.8931355094063519
26526.28,0.8928975928558591
26536.32,0.8926006762191573
26546.357,0.8922278938055686
26556.396,0.8917487661468475
26566.436,0.8911881276066458
26576.476000000002,0.8906004685869605
26586.514000000003,0.8900112930503535
26596.553,0.8894213021552532
26606.592999999997,0.8888605161122645
26616.629999999997,0.8883434359789685
26626.67,0.8878676961718197
26636.71,0.8874406107184166
26646.748,0.8870623690757669
26656.787,0.8866970271059006
26666.827,0.8863350855290687
26676.864999999998,0.8860426258039952
26686.904,0.8858723730442213
26696.944,0.8858688668913764
26706.982,0.8860763162611899
26717.021,0.8865033197732143
26727.061,0.8871407937508009
26737.099,0.8879519649823718
26747.139,0.8888805637548493
26757.178,0.8898972657227004
26767.218,0.8909669720779563
26777.256,0.8920438652690912
26787.295000000002,0.8930733839450496
26797.335000000003,0.893959099168963
26807.373,0.8946390779184284
26817.411999999997,0.895123867168132
26827.451999999997,0.8954266082701234
26837.49,0.895576862091916
26847.530000000002,0.8955947207674169
26857.570000000003,0.895462237168241
26867.606999999996,0.895180064671693
26877.646,0.8947955081003837
26887.685999999998,0.894374991881511
26897.724,0.8939467175751605
26907.763,0.8935255238374047
26917.803,0.8931231523416722
26927.84,0.8927434496619396
26937.88,0.8924019867219416
26947.920000000002,0.8921616744984561
26957.96,0.8920091049942822
26967.998,0.8918265024928609
26978.037,0.8915469778104397
26988.077,0.8911353137203741
26998.115,0.8905556403330629
27008.154000000002,0.8897842403099541
27018.194000000003,0.8888043922143456
27028.232,0.8876083815266655
27038.270999999997,0.886201704476356
27048.310999999998,0.8845847172338562
27058.349000000002,0.882743607525611
27068.388,0.8806007130395395
27078.428,0.8781012099474814
27088.466,0.8753045647900983
27098.505,0.8723008042984103
27108.545,0.8691657787258353
27118.585,0.8659783574998421
27128.623,0.8628213505989917
27138.662,0.8597912924333753
27148.702,0.8570029662288646
27158.739999999998,0.8545598090149049
27168.78,0.8525465673340175
27178.82,0.8510035917431077
27188.857,0.8499506869906063
27198.896,0.8494142629465267
27208.936,0.8493963806659212
27218.974000000002,0.8498729025587575
27229.013000000003,0.850794213375196
27239.053000000004,0.8520814997113166
27249.089999999997,0.8536816567116859
27259.129999999997,0.8555350422994549
27269.17,0.8575378180849966
27279.208000000002,0.8595931615081759
27289.248000000003,0.8616182258248483
27299.287,0.8634861043575803
27309.326999999997,0.8650514232307478
27319.365,0.8662294625455608
27329.404,0.8669886819992227
27339.444,0.8673142729410097
27349.482,0.8672227503626234
27359.521,0.866814962665003
27369.561,0.866215393534396
27379.599,0.8655219456704537
27389.638,0.8647793540230074
27399.678,0.8640346205276747
27409.716,0.863363736216933
27419.755,0.862812218263103
27429.795000000002,0.8624336562497797
27439.833,0.8622842942545111
27449.872000000003,0.862391708902671
27459.912,0.8627454802316425
27469.95,0.8633177296704042
27479.99,0.8640890698218439
27490.030000000002,0.8650139787342511
27500.07,0.8660271660654396
27510.107,0.8670333782353948
27520.145999999997,0.8679310461930207
27530.185999999998,0.868649362856257
27540.224000000002,0.8691542232044892
27550.263,0.869471553035903
27560.303,0.8696329028937767
27570.34,0.8696376594355683
27580.38,0.8694746847285164
27590.42,0.8692159384208331
27600.458,0.8689975830497269
27610.497,0.8689051002945652
27620.537,0.8689826508234757
27630.575,0.8692725360746402
27640.614999999998,0.8698102044732089
27650.654000000002,0.8706208963552843
27660.694,0.8716210140257061
27670.732,0.8726929207189867
27680.771,0.8738243467459291
27690.809999999998,0.8749965468493832
27700.849000000002,0.8761543476929281
27710.888,0.877291003861641
27720.927999999996,0.8783896838159663
27730.966,0.8793915453501105
27741.004999999997,0.8802455275009172
27751.045,0.8809235543230374
27761.083000000002,0.8814189727116002
27771.122,0.8817095792139987
27781.162,0.881788995521501
27791.199999999997,0.8816481658296871
27801.239999999998,0.8812688838581201
27811.28,0.8806848491643323
27821.317,0.8799755476878756
27831.357,0.8791992604015206
27841.396,0.878378435332621
27851.436,0.8775386678182807
27861.474,0.8767237760516969
27871.513000000003,0.8759805071386496
27881.553,0.8753279559619299
27891.59,0.8747642440709154
27901.63,0.874281997578633
27911.670000000002,0.8738700791267174
27921.708000000002,0.8735056592494171
27931.747,0.8731384893503035
27941.786999999997,0.8727425914343337
27951.825,0.8724061749030341
27961.863999999998,0.8721873254964735
27971.904,0.8720592381546965
27981.942000000003,0.8720068175270268
27991.982000000004,0.8720219941614848
28002.021,0.8720740712714963
28012.06,0.8721086553914708
28022.099,0.8720403394914207
28032.138,0.8717829546784954
28042.178,0.8712976948958231
28052.216,0.8705640154413062
28062.255,0.8695719194908967
28072.295000000002,0.8683222649815474
28082.333,0.8668555809389863
28092.372,0.8652726905618682
28102.412,0.8636425570861065
28112.45,0.8619922801463991
28122.49,0.8603834961567443
28132.53,0.8589004028021082
28142.567,0.8575880217509352
28152.605999999996,0.8564692790112415
28162.645999999997,0.8556088859627142
28172.684,0.8550753611967405
28182.724000000002,0.8548769445072381
28192.763,0.8550368281288637
28202.803,0.8556131504031868
28212.84,0.8566236738563819
28222.879999999997,0.8580769898249371
28232.92,0.8599228903485523
28242.958,0.8620316325055021
28252.997,0.8642876713287614
28263.037,0.8665619391653984
28273.074999999997,0.8687185198952714
28283.114,0.8706570134714804
28293.154,0.8722969226096375
28303.192,0.8735664739937898
28313.231,0.8744741222730169
28323.271,0.8750931290625924
28333.309,0.8754781551158551
28343.349,0.8756766651074847
28353.388000000003,0.8757351307327474
28363.426,0.8756616870751683
28373.466,0.8754544181955317
28383.505,0.8751284453669332
28393.545,0.8746911023443023
28403.583000000002,0.8741727839306845
28413.622,0.8735805580305382
28423.661999999997,0.8728959305634031
28433.7,0.8721349794956633
28443.74,0.8713206179319128
28453.780000000002,0.8704554688104282
28463.817,0.8695259106285654
28473.856,0.868541079230507
28483.896,0.8674973769226981
28493.933999999997,0.8663529472715751
28503.973,0.8651296632540176
28514.013,0.8639130869801118
28524.05,0.862819070707438
28534.09,0.8619451494388991
28544.13,0.8613795255008357
28554.170000000002,0.861259690887931
28564.208,0.8616891057525288
28574.247000000003,0.8627071705128215
28584.287,0.8642235103057035
28594.325,0.8661065623317915
28604.364,0.868238411432472
28614.404000000002,0.8704786010553277
28624.442000000003,0.8727158136863846
28634.481,0.8748412122664189
28644.520999999997,0.8767760247533896
28654.559,0.8785235102345208
28664.597999999998,0.8801300041132116
28674.638,0.881627867655236
28684.676,0.8830747320870245
28694.715,0.8845087200448953
28704.755,0.8859605577751959
28714.792999999998,0.887472301464335
28724.833,0.8890800898048086
28734.872,0.8908258597744501
28744.912,0.8927247235093705
28754.95,0.8947606779534869
28764.989999999998,0.8969298309907525
28775.03,0.8992387573771705
28785.067,0.9016687326535356
28795.106,0.9041360934048284
28805.146,0.9065277305433964
28815.184,0.9087442948117324
28825.223,0.9107386159953452
28835.263000000003,0.9124852288054036
28845.3,0.9139042422924116
28855.339999999997,0.9149216935584846
28865.379999999997,0.915495163779716
28875.418,0.9157056688531808
28885.458000000002,0.9157048112718976
28895.497,0.9155981601813068
28905.537,0.9153898702370872
28915.574999999997,0.9150420200285628
28925.613999999998,0.9145953110926338
28935.654,0.9141096038815432
28945.692,0.9136333775786332
28955.731,0.9131800661039924
28965.771,0.9127536878884458
28975.808999999997,0.9123655298863826
28985.848,0.912042636012761
28995.888,0.911825595077804
29005.926,0.9117304337311024
29015.965,0.9117311815051612
29026.005,0.9118110034375236
29036.043,0.9119779555429914
29046.082000000002,0.91225472469721
29056.122000000003,0.9126716030410142
29066.16,0.9132220602283349
29076.2,0.9138706088269448
29086.24,0.914580255705696
29096.280000000002,0.9153224582856484
29106.317000000003,0.9160647863910596
29116.356,0.9167665886850334
29126.396,0.9173942772744734
29136.434,0.9179436106523904
29146.472999999998,0.9184370540003564
29156.513,0.9188677440926302
29166.55,0.9192232844633054
29176.59,0.9195106033882264
29186.63,0.91972206417806
29196.667999999998,0.9199292752247068
29206.707000000002,0.9202288735393752
29216.747,0.9206256765134694
29226.785,0.9210671503348828
29236.825,0.9214662006860196
29246.864,0.921706800687048
29256.902000000002,0.9216700015277884
29266.942,0.921318416988742
29276.981000000003,0.9206684615379036
29287.02,0.919732769728493
29297.059,0.91855970405716
29307.097999999998,0.917242514259334
29317.138,0.9158333575018808
29327.176000000003,0.9143486555976196
29337.215,0.9127902448198714
29347.254999999997,0.9110788562622284
29357.293,0.909164095837276
29367.332,0.90712261781355
29377.372,0.905089920483658
29387.41,0.9031753047655396
29397.449999999997,0.901451949710977
29407.489999999998,0.9000004051392997
29417.527,0.8989061218042304
29427.567,0.898252323737737
29437.606,0.8980970871003486
29447.646,0.898476770818229
29457.684,0.8993921890803562
29467.723,0.9008128625172598
29477.763000000003,0.9027183384783234
29487.800000000003,0.9050619844402692
29497.84,0.9077690197349668
29507.88,0.910777280497963
29517.918,0.914011642929798
29527.957,0.9173998398354244
29537.997,0.920918708797721
29548.035,0.9244780907609595
29558.073999999997,0.9278496178714588
29568.113999999998,0.9307569609702958
29578.152000000002,0.933033119491174
29588.192000000003,0.9345826171790408
29598.231,0.9352890343816868
29608.268999999997,0.93513880691736
29618.308999999997,0.9341204963772088
29628.347999999998,0.932207434659274
29638.388,0.929508452484774
29648.426,0.9262462436828572
29658.465,0.9226698032375956
29668.505,0.9190125642834396
29678.542999999998,0.915503395095644
29688.582000000002,0.9123165557721672
29698.622,0.9096070782991708
29708.66,0.9075135395973568
29718.7,0.9061057358086892
29728.74,0.9053937212619636
29738.777000000002,0.9053082789958108
29748.816,0.9058090723926044
29758.856,0.9068958320904064
29768.894,0.9084728706617804
29778.934,0.9103805896699404
29788.972999999998,0.91245860351545
29799.01,0.914587002100388
29809.05,0.9167225273884606
29819.09,0.9187878434432132
29829.13,0.9206141793812138
29839.167999999998,0.9221401799081176
29849.207,0.9233978430057794
29859.247,0.924412772642428
29869.285,0.92514315999948
29879.324,0.9254703525168796
29889.364,0.9254185281908291
29899.402,0.9250217799644632
29909.441000000003,0.9242675863317628
29919.481,0.9231992461215032
29929.519,0.9219076421466812
29939.559,0.920489692654284
29949.598,0.919000841084838
29959.636000000002,0.9174859006873608
29969.676,0.9159788758474264
29979.714999999997,0.9145576937634688
29989.754999999997,0.9132664698423828
29999.793,0.912018805679789
30009.832,0.910692591469107
30019.872,0.9091906538075945
30029.910000000003,0.9074755803717776
30039.95,0.9055399468678602
30049.99,0.9032824390933832
30060.027,0.9007127103454947
30070.066,0.8980083517473716
30080.106,0.8952849303971366
30090.144,0.8926188366058043
30100.183,0.890085737921867
30110.223,0.8876912637116613
30120.260000000002,0.8854419378688563
30130.3,0.8833302668289479
30140.34,0.881397997681282
30150.378,0.8797838054479674
30160.418,0.8785626476237546
30170.457000000002,0.8778322743162893
30180.497000000003,0.8776002400363386
30190.535,0.8778239421336698
30200.573999999997,0.8785833248630945
30210.613999999998,0.8799679544552257
30220.652000000002,0.8819919551142329
30230.691,0.8844565165903794
30240.731,0.8870671345446718
30250.769,0.8896146931908335
30260.807999999997,0.8919225826018131
30270.847999999998,0.8938807379227514
30280.886,0.8954647468008048
30290.926,0.8967275443445172
30300.965,0.8977756240288812
30311.002999999997,0.8987385900759792
30321.042999999998,0.8997938945922465
30331.082,0.9010917490026538
30341.122,0.9027837728146216
30351.16,0.904924102234424
30361.2,0.9074422930901802
30371.239999999998,0.9103231094624624
30381.277,0.9134996045537924
30391.316000000003,0.9168363550424392
30401.356000000003,0.9202788324026886
30411.394,0.923831589980418
30421.433,0.9275341127536638
30431.473,0.931342706871644
30441.51,0.9350959767773436
30451.55,0.9387144123970146
30461.59,0.9421410430684822
30471.628,0.9453172992498156
30481.668,0.948217939039431
30491.707,0.9507954968010202
30501.745,0.9530017021770636
30511.784999999996,0.9547739330450482
30521.824,0.9561667012467572
30531.864,0.957311580532168
30541.902,0.9582616525384378
30551.941,0.9590387993899924
30561.981,0.9595835721909388
30572.019,0.9598205594607012
30582.058,0.959713925286276
30592.098,0.9592614397117316
30602.136,0.9585649478251148
30612.175000000003,0.9577138339398183
30622.215,0.956722345830529
30632.253,0.9556160514283112
30642.292,0.9544760844740636
30652.332000000002,0.9533899803050848
30662.370000000003,0.9524038509282868
30672.41,0.9515813705675968
30682.45,0.95101484158713
30692.487,0.9508093900194104
30702.527000000002,0.951058683373699
30712.566,0.951760925928358
30722.606,0.9527936473475618
30732.643999999997,0.9540041602581488
30742.683,0.9552866167424192
30752.722999999998,0.956555293001724
30762.76,0.9576589454639948
30772.8,0.9584353403952348
30782.84,0.9588326196465824
30792.878,0.958838190039484
30802.917,0.9584560705981172
30812.957000000002,0.957721913698988
30822.995,0.9566782893371027
30833.035,0.955394276764827
30843.074,0.9539848029434788
30853.112,0.9526345827313842
30863.152000000002,0.9515039244163652
30873.191000000003,0.9507388019157592
30883.23,0.9504274235172696
30893.269,0.9505235894433324
30903.307999999997,0.950950443149775
30913.347999999998,0.9516213781572014
30923.386000000002,0.9524398572661152
30933.425,0.9532728276639344
30943.465,0.9539611383759244
30953.503,0.9544258903053302
30963.541999999998,0.9546726010229531
30973.582,0.9546822776048208
30983.62,0.9543381907868972
30993.66,0.9535359137768412
31003.699999999997,0.9522604535507012
31013.736999999997,0.950567830035336
31023.777,0.9485347719546584
31033.816000000003,0.946170806739722
31043.854,0.9435544942429482
31053.894,0.9409034733829168
31063.933,0.9384353790488946
31073.973,0.9362966876402236
31084.010000000002,0.9346127084739364
31094.050000000003,0.933475658299934
31104.090000000004,0.9329370876171622
31114.128,0.9330417794684914
31124.166999999998,0.933807033382243
31134.207,0.9352106139773058
31144.245000000003,0.9371814498945984
31154.284,0.9395904534501046
31164.324,0.9422959090525264
31174.362,0.9451887299259656
31184.402000000002,0.948162552741068
31194.441,0.9511394868262862
31204.479,0.9540947601766914
31214.518999999997,0.9569783660768684
31224.558,0.9597524544517616
31234.598,0.9624308640442236
31244.636,0.964961867775402
31254.675,0.9672343665905166
31264.715,0.9691605857333636
31274.753,0.9707483749247462
31284.792,0.972054423615925
31294.832000000002,0.9731273937867878
31304.87,0.974045901400265
31314.91,0.9748930236929352
31324.95,0.9757143313532386
31334.987,0.9765120872485684
31345.025999999998,0.977289023957548
31355.066,0.978040783815877
31365.104000000003,0.9787038450542304
31375.144,0.9792155423224712
31385.182999999997,0.9795803528848652
31395.219999999998,0.9797833063202144
31405.26,0.9797882006493632
31415.3,0.9796113425088974
31425.34,0.9792240757769262
31435.377999999997,0.9786112242474874
31445.417,0.977859326075194
31455.457,0.9770498249519584
31465.495,0.97624674237723
31475.534,0.9754714079119275
31485.574,0.9746719083738312
31495.612,0.9738326398653028
31505.651,0.973034048837342
31515.691000000003,0.9723181499059932
31525.729,0.9716559620158596
31535.769,0.9709485299980576
31545.808,0.970148125186246
31555.846,0.9693375668714131
31565.886000000002,0.9686088927645112
31575.925,0.9680267119633724
31585.963,0.9676066263232164
31596.003,0.9673790699495354
31606.041999999998,0.967408073340729
31616.082,0.9677488404082268
31626.120000000003,0.9683737361280323
31636.160000000003,0.9691232021406714
31646.2,0.9698673135555193
31656.236999999997,0.9705665321909102
31666.276,0.9711560477795004
31676.316,0.971536026596746
31686.354,0.9716761504939024
31696.393,0.9715932944456046
31706.433,0.9712554047744584
31716.47,0.9707190759813822
31726.510000000002,0.9700860053462536
31736.550000000003,0.9694104034786918
31746.588,0.9687350388871796
31756.628,0.9681049042806434
31766.667,0.9675943381669592
31776.707000000002,0.9672924292773032
31786.745,0.9672654771602694
31796.784,0.9675242112266328
31806.823999999997,0.9680966244748384
31816.862,0.9690272434012934
31826.900999999998,0.9704195518010108
31836.941,0.9722920572387448
31846.979000000003,0.9744824475746804
31857.018,0.9767954983935272
31867.058,0.979021802656506
31877.095999999998,0.980983288156562
31887.136,0.9825260245379356
31897.175,0.9835083541836708
31907.213,0.9838331300063308
31917.252999999997,0.9834657742998378
31927.292,0.9825079108161896
31937.329999999998,0.9810949735549324
31947.37,0.979304525163676
31957.41,0.9772546963384888
31967.45,0.9750959602855488
31977.487,0.972866214749354
31987.526,0.9705149749435796
31997.566000000003,0.968057033469618
32007.604,0.9655266846044904
32017.642999999996,0.9629467411914844
32027.682999999997,0.96030892586332
32037.719999999998,0.9575794586604864
32047.76,0.954760905127929
32057.8,0.9519054503335884
32067.838000000003,0.949140243511896
32077.878,0.9465847444236152
32087.916999999998,0.944292005108546
32097.954999999998,0.9422856927824588
32107.995,0.9405811267789856
32118.034,0.9391754153865116
32128.072,0.938057737184971
32138.111999999997,0.9372483311609084
32148.151,0.9367886710009126
32158.191,0.9367302460729052
32168.229,0.937047667098102
32178.268,0.9376776835500192
32188.308,0.9386199712482324
32198.346,0.9398887571733
32208.385000000002,0.9414212867197014
32218.425000000003,0.9430810843716512
32228.463,0.944745137440006
32238.503,0.9463190518314906
32248.541999999998,0.9477288767567208
32258.58,0.948904916567905
32268.620000000003,0.9498853173645296
32278.66,0.950788394113388
32288.697,0.9516594774188526
32298.737,0.952497817991275
32308.775999999998,0.9532218576755342
32318.816,0.9537618749017674
32328.854,0.954106230823322
32338.893,0.9542372680843711
32348.933,0.954158765600875
32358.97,0.9538562346131668
32369.010000000002,0.9533106489245448
32379.05,0.9525152599932266
32389.088,0.9515145253854986
32399.127,0.9503815801769404
32409.167,0.9491751860037718
32419.204999999998,0.9479499213466474
32429.245,0.9467742035857633
32439.284000000003,0.9457182266916052
32449.322,0.9448365712580502
32459.362,0.9442335925472004
32469.401,0.9439922587692454
32479.439000000002,0.9440916267675372
32489.479,0.9444781915362916
32499.518,0.9451667639504912
32509.557999999997,0.946195453940356
32519.596,0.9475297560919778
32529.635,0.949104208259272
32539.675,0.9507832160563604
32549.712999999996,0.952418522425379
32559.752,0.953879544888995
32569.792,0.9549977932361444
32579.829999999998,0.9556622030329016
32589.87,0.9558556283170137
32599.91,0.9556709129968588
32609.947,0.9552171434576578
32619.987,0.9545452085328968
32630.026,0.953709061024406
32640.064,0.9527601711833988
32650.104,0.9517254794701988
32660.143,0.9506440752878612
32670.183,0.9495857233954814
32680.22,0.9485742491469664
32690.260000000002,0.9476139776504648
32700.300000000003,0.946776294951987
32710.338,0.9461817508557356
32720.376999999997,0.9458888957050606
32730.416999999998,0.9458874394904432
32740.455,0.946178938835906
32750.494,0.9467381884948232
32760.534,0.9475119318214966
32770.572,0.9485068962237768
32780.612,0.9497630343195612
32790.651,0.9512753714948012
32800.689,0.9529703138110802
32810.729,0.9547528361977948
32820.768000000004,0.9564808741702732
32830.806,0.9580197733748524
32840.846,0.9593388185344168
32850.885,0.9604657639964967
32860.925,0.9614781514742144
32870.962999999996,0.9624319020216412
32881.002,0.9633070814498268
32891.042,0.9640437976849596
32901.08,0.9646178469058244
32911.12,0.9650622632922214
32921.16,0.965378090723632
32931.197,0.9655727868757148
32941.236,0.9656913476976918
32951.276,0.9657501831043912
32961.314,0.9657299036638108
32971.354,0.965626459477716
32981.393,0.9654824685539086
32991.43,0.9653373185386614
33001.47,0.9651573141876624
33011.51,0.9649221471840276
33021.547999999995,0.9647089132124088
33031.587999999996,0.9645720909324816
33041.627,0.9645592551892446
33051.667,0.9647251508229072
33061.705,0.9650599475175436
33071.744,0.9655394984193788
33081.784,0.9660891224782294
33091.822,0.9666754912815996
33101.861000000004,0.9673424579548962
33111.901,0.9681718369703152
33121.939,0.9691619378565426
33131.979,0.9700919914652874
33142.018000000004,0.9708019452548424
33152.056000000004,0.9712422521905502
33162.096,0.9713913394173824
33172.134999999995,0.9712482946903624
33182.173,0.9708506122602276
33192.213,0.9702893431317064
33202.252,0.969684331230372
33212.292,0.9691851473741756
33222.33,0.9688751783295156
33232.37,0.9688043818571054
33242.409999999996,0.9690258424620548
33252.447,0.9696053966513178
33262.486,0.970606793095926
33272.526,0.972022248380209
33282.564,0.9738052163155868
33292.603,0.9759340678119536
33302.643000000004,0.9783822047946332
33312.68,0.981062957726308
33322.72,0.983859988523408
33332.76,0.9866750622082644
33342.798,0.9894146427899428
33352.838,0.9919473821940812
33362.877,0.9941596896820868
33372.915,0.9960384545318938
33382.955,0.997582651359532
33392.994,0.9987413384087857
33403.034,0.999448946276124
33413.072,0.9997709841535584
33423.111,0.9999249411681804
33433.151,1.0
33443.189,0.9999702205623856
33453.228,0.9998195107123844
33463.268,0.9995360253055356
33473.306,0.9991037984956084
33483.346,0.9984710826193012
33493.385,0.9975325437450798
33503.422999999995,0.99622127730623
33513.462999999996,0.9946041635378968
33523.502,0.9927574866322
33533.54,0.9907415407395148
33543.58,0.9886526356751624
33553.62,0.9865839912164768
33563.659999999996,0.9846213257333504
33573.697,0.9828133889327428
33583.736000000004,0.9811946666872334
33593.776000000005,0.9798028685692434
33603.814,0.9786282316621878
33613.852999999996,0.9776186059118092
33623.893,0.9766825869325512
33633.93,0.9757394102854106
33643.97,0.9747997852126996
33654.01,0.9738723615519956
33664.048,0.972900585732722
33674.088,0.9718397668741576
33684.127,0.9706471069227948
33694.165,0.969319493358514
33704.205,0.9678692327056284
33714.244,0.966287121351315
33724.282,0.9645600049770696
33734.322,0.9626335529077966
33744.361,0.9604904197458696
33754.401,0.9580750525913506
33764.439,0.955254072231892
33774.478,0.951933574532073
33784.518000000004,0.9482175997693644
33794.556,0.9443172361228656
33804.595,0.9403550791818828
33814.635,0.9364800826647331
33824.673,0.9328640466389618
33834.713,0.9296439062651636
33844.752,0.9269042601026228
33854.79,0.924731219073659
33864.83,0.9232268047330244
33874.87,0.922443180064926
33884.907,0.9223885078365628
33894.947,0.923070699177509
33904.986,0.9244710880207336
33915.024,0.9264892427175964
33925.064,0.9290312355324708
33935.103,0.9320029749920712
33945.143,0.9352759227399736
33955.18,0.938703527003
33965.22,0.9421190743346108
33975.26,0.9454168137368164
33985.298,0.9484874251703348
33995.337,0.9512057860290613
34005.377,0.9534742963874652
34015.415,0.9551925554987906
34025.455,0.9563413043492536
34035.494,0.9569057808253516
34045.532,0.9569630930210696
34055.572,0.9567502741297574
34065.611,0.9565347187207216
34075.649,0.9564804128420628
34085.689,0.9566271924702144
34095.727999999996,0.9569668190940408
34105.768,0.9573911423647816
34115.806000000004,0.957810406615552
34125.845,0.9581762360565832
34135.885,0.9584792112544376
34145.922999999995,0.958684666308458
34155.962,0.9587286023041316
34166.002,0.9586239050010468
34176.04,0.9583819821022468
34186.08,0.9579835217326116
34196.119999999995,0.9574785258039036
34206.157,0.9570370899103776
34216.197,0.9568072395802532
34226.236000000004,0.9568474720331158
34236.274,0.9571533103027964
34246.314,0.9577023527115128
34256.353,0.9584794182439236
34266.39,0.9594198492892068
34276.43,0.960452010089632
34286.47,0.9615519844317036
34296.509999999995,0.9627360706200142
34306.548,0.9640204169083832
34316.587,0.9653397715949534
34326.627,0.9666413459938878
34336.665,0.9679068217487428
34346.704,0.9690841456855602
34356.744,0.9700902029348384
34366.782,0.9708332405506716
34376.822,0.9712464887548942
34386.861,0.9712964378635672
34396.899,0.9710437423839552
34406.939,0.9704804511714104
34416.978,0.9694714327521692
34427.015999999996,0.968002372397188
34437.056,0.9661707060508552
34447.095,0.9640902341001464
34457.133,0.9618918289577032
34467.173,0.9597162100214288
34477.212,0.9577303176837132
34487.252,0.9560685732860152
34497.29,0.9547843333901432
34507.33,0.9538741224537008
34517.37,0.9533282273942708
34527.407,0.9531581663587104
34537.445999999996,0.9533328619541128
34547.486,0.9537712812396592
34557.524000000005,0.9543726388725912
34567.564,0.955005051830788
34577.602999999996,0.9555332470946908
34587.64,0.9558491894778978
34597.68,0.9559108436578636
34607.72,0.955733218647956
34617.758,0.9553062730708488
34627.797999999995,0.954572075584996
34637.837,0.9535103166637718
34647.877,0.9521699087288168
34657.915,0.9505758304227304
34667.954,0.948754983670865
34677.994,0.9467631719431118
34688.032,0.9446535895127184
34698.071,0.9425866838366564
34708.111000000004,0.9407583017991878
34718.149,0.9392268499007428
34728.189,0.9379820749443524
34738.228,0.9369843250301362
34748.266,0.9361690470024908
34758.306000000004,0.9354999879241508
34768.345,0.9349018447534714
34778.383,0.93423775709913
34788.423,0.933397686726318
34798.462,0.9323368555247658
34808.5,0.9310419655269998
34818.54,0.9295461571839432
34828.579999999994,0.9279776345016044
34838.619999999995,0.9264868326340868
34848.657,0.9252122003257008
34858.696,0.9242926632565625
34868.736,0.923786447141727
34878.774,0.9236454874105692
34888.813,0.923799723313178
34898.853,0.9241518911975962
34908.89,0.9245844631783128
34918.93,0.9250971766116268
34928.97,0.9257141347946378
34939.008,0.9263755753523856
34949.048,0.9270337485757656
34959.087,0.9276527054793858
34969.125,0.928179870452688
34979.165,0.9285534357852686
34989.204,0.9287274044870932
34999.244,0.9287592954652112
35009.282,0.928710772373762
35019.320999999996,0.9286108477068428
35029.361,0.92855719122231
35039.399000000005,0.9286083531662882
35049.438,0.9287834754907768
35059.478,0.9291338321090228
35069.515999999996,0.929756638423156
35079.556,0.9307199603587576
35089.595,0.9320358973047832
35099.633,0.9337004112982727
35109.673,0.9356366751498102
35119.712,0.937714923677382
35129.75,0.9398104106036678
35139.79,0.9418078510867378
35149.83,0.9435818273578396
35159.867,0.9450417582288588
35169.907,0.9461218107728212
35179.946,0.9467356031738196
35189.986000000004,0.9469090765140992
35200.024,0.9467459876473784
35210.062999999995,0.946245195524229
35220.102999999996,0.9453874283940608
35230.14,0.9442295737600004
35240.18,0.9428686346735132
35250.22,0.941389246481796
35260.258,0.93989772409202
35270.298,0.9385202540346328
35280.337,0.9373252010229416
35290.375,0.936359856319164
35300.415,0.9356907652630068
35310.454,0.9353799774273288
35320.492,0.9354248258100568
35330.532,0.9357710838469048
35340.571,0.9362880856124922
35350.61,0.9368387818007692
35360.649,0.937300556585674
35370.688,0.937554550156606
35380.728,0.9375429792640584
35390.766,0.9372081685014756
35400.805,0.9365070669365106
35410.845,0.9354569061138208
35420.883,0.9341116391900998
35430.923,0.9324975741497478
35440.962,0.9306839668460996
35451.0,0.9288178318214624
35461.04,0.9270651209462988
35471.08,0.925579983400157
35481.117000000006,0.9244563786139172
35491.157,0.9236991911808192
35501.195999999996,0.9233014576483032
35511.234,0.9232610995806988
35521.274,0.9235416102188893
35531.313,0.9240723015202302
35541.353,0.924746089194736
35551.39,0.9254238195411768
35561.43,0.9259396020512064
35571.47,0.926145873841048
35581.508,0.9259378681459464
35591.547,0.9252651272626892
35601.587,0.92413880382743
35611.625,0.9226131642172196
35621.665,0.9207700968830088
35631.704000000005,0.9187278027716046
35641.742,0.9166416649959216
35651.782,0.9146900801918224
35661.820999999996,0.9130171272571742
35671.859000000004,0.9116861335001442
35681.899000000005,0.9107485920180036
35691.938,0.910274018844714
35701.976,0.9102868876013906
35712.016,0.910729055330754
35722.055,0.9115546034465996
35732.095,0.9127278881477082
35742.133,0.9141282176102372
35752.172,0.9156329027081496
35762.212,0.9171785001065992
35772.25,0.9186930299855128
35782.29,0.9201304267001604
35792.33,0.9214817100965312
35802.367,0.9226843879112702
35812.407,0.9236577961269328
35822.446,0.924378380332684
35832.484,0.924866108120195
35842.524,0.9250927758257484
35852.563,0.925065179767948
35862.6,0.9248423303504256
35872.64,0.9244701955797164
35882.68,0.923952546297775
35892.72,0.9232438427629412
35902.758,0.9223419436031668
35912.797,0.921264516436557
35922.837,0.920070282163589
35932.875,0.918807387497231
35942.914,0.9174599965744212
35952.954,0.916077356952394
35962.992,0.9147398747908198
35973.032,0.9134941100865084
35983.070999999996,0.9123456865356716
35993.109,0.911283732469716
36003.149,0.9103373105364512
36013.188,0.9095516969691844
36023.226,0.9089460384118474
36033.265999999996,0.9084821780080148
36043.305,0.9080817855678832
36053.343,0.907706645475735
36063.383,0.9073519550227744
36073.422,0.9070205736608326
36083.462,0.906726690543332
36093.5,0.9064382737177046
36103.54,0.906106392041023
36113.58,0.9057124925238664
36123.617,0.9052476025245906
36133.657,0.9047900167039288
36143.695999999996,0.9043957627953788
36153.734000000004,0.9040573931635708
36163.774000000005,0.903781553206608
36173.813,0.9035081073936968
36183.85,0.903189374938468
36193.89,0.902779948793702
36203.93,0.9022348972871396
36213.968,0.9015426310656232
36224.008,0.9007066810961537
36234.047,0.8997840880763781
36244.085,0.8987959766662027
36254.125,0.897732376732698
36264.164000000004,0.8965917073672686
36274.204,0.8953811920851562
36284.242,0.8941335392095655
36294.281,0.8928633235477648
36304.321,0.8915844625496075
36314.359000000004,0.8903548470853831
36324.399,0.8893082786179128
36334.437999999995,0.8885765891707774
36344.476,0.8881663405209682
36354.516,0.8880421926698243
36364.555,0.8881080810426051
36374.593,0.8882224106753517
36384.633,0.888346371699817
36394.672,0.8884769171156258
36404.71,0.8885575982838814
36414.75,0.8884880669588324
36424.79,0.8881859259110061
36434.829999999994,0.8876368751213289
36444.867,0.8867853028716999
36454.906,0.8855300957174209
36464.946,0.8839489095692848
36474.984,0.882173881966036
36485.023,0.8803220606434624
36495.063,0.878539861721455
36505.1,0.8769483074333233
36515.14,0.8756592641142054
36525.18,0.8747058526874354
36535.218,0.8740838058262882
36545.258,0.8737618280333834
36555.297,0.8736912433628173
36565.335,0.8738475779408443
36575.375,0.8741950726132255
36585.414,0.8747084801609636
36595.452000000005,0.8753379856936018
36605.492,0.8760034263624906
36615.530999999995,0.8766172210227502
36625.570999999996,0.8770875473912901
36635.609,0.8773623015650168
36645.648,0.8774192526910383
36655.688,0.8773149428981387
36665.725999999995,0.8771129343277297
36675.765999999996,0.8768002099692336
36685.805,0.8763877546593133
36695.843,0.8758979010195315
36705.883,0.8753740397953557
36715.922,0.8748645566537032
36725.96,0.8744178712243892
36736.0,0.8741234343374414
36746.04,0.8740774798391934
36756.077,0.874341665676179
36766.117,0.8749534921791251
36776.156,0.8758605900900573
36786.194,0.876948951204272
36796.234000000004,0.8781143765539657
36806.273,0.879234285108382
36816.313,0.8802504349635474
36826.35,0.881127255476723
36836.39,0.8818685530459001
36846.43,0.8825148163211096
36856.468,0.8830937028398338
36866.507999999994,0.8836422097079397
36876.547,0.8841490380578909
36886.585,0.88458101232898
36896.625,0.8849227876502329
36906.664,0.8851584975576092
36916.702,0.8852707738063516
36926.742,0.8852083708472557
36936.781,0.8849328725589392
36946.82,0.8844461286027921
36956.859,0.8837463477380562
36966.898,0.8828561070613488
36976.938,0.8817397550376916
36986.976,0.8803601709523362
36997.015,0.8787747249924767
37007.055,0.8770667265915044
37017.093,0.8752837905944398
37027.133,0.873467631886581
37037.172,0.8716272034477199
37047.21,0.869724299717687
37057.25,0.8677572546347244
37067.29,0.8657913404809446
37077.327000000005,0.8639094401512215
37087.367000000006,0.8621758275174077
37097.406,0.8606485075315613
37107.443999999996,0.8593643640141411
37117.484,0.8583922794210082
37127.523,0.857797865051583
37137.56,0.8575782338401804
37147.6,0.8576781891647431
37157.64,0.8580110680427635
37167.68,0.8585215726001213
37177.718,0.8591856262730109
37187.757,0.8599472821698824
37197.797,0.8607410246706343
37207.835,0.861526028545731
37217.875,0.8623180021331972
37227.914000000004,0.8631200016984242
37237.952,0.863883410654628
37247.992,0.8645883228124037
37258.030999999995,0.8651909416541217
37268.069,0.8656212118587993
37278.109000000004,0.8657917208851932
37288.148,0.8656135433676381
37298.186,0.8650792630113366
37308.226,0.8642358818450618
37318.265,0.8631602056583357
37328.305,0.8619824440381454
37338.343,0.8608384386455586
37348.382,0.8597972527035215
37358.422,0.8589021650310171
37368.46,0.8581631608745388
37378.5,0.8575158311537007
37388.54,0.8569210398756485
37398.577,0.8563934911854653
37408.617,0.8559367101503447
37418.656,0.8555158383681442
37428.694,0.8551050445665206
37438.734,0.8547187242992457
37448.773,0.8543782011568357
37458.81,0.854084473196295
37468.85,0.8538348564784654
37478.89,0.8536348529315333
37488.928,0.8534722677597696
37498.968,0.8533496933574874
37509.007,0.8532428487895443
37519.047,0.8531131728364023
37529.085,0.8529366001917357
37539.123999999996,0.852637803089446
37549.164,0.8521975331121795
37559.202,0.8517172203661458
37569.242,0.8513071439497119
37579.281,0.8509949347172615
37589.318999999996,0.850708472015994
37599.359,0.8503879884482375
37609.398,0.8500113245556732
37619.436,0.8495294983778989
37629.476,0.8488817236476
37639.515,0.848049724025887
37649.553,0.8470574083421707
37659.593,0.845961648853245
37669.632000000005,0.8448361369746519
37679.67,0.8437212178837534
37689.71,0.8426323412868473
37699.75,0.8415780220782598
37709.79,0.8405635204002444
37719.827000000005,0.8395910920671545
37729.867,0.8386537639379409
37739.905999999995,0.8377396454751411
37749.944,0.8368724093311848
37759.984000000004,0.8360819764230242
37770.023,0.8353745709824477
37780.06,0.834771586536813
37790.1,0.8342951512940133
37800.14,0.8339682823971432
37810.178,0.8337942879953404
37820.218,0.8337315811526131
37830.257,0.8337649876263685
37840.295,0.8339008235003282
37850.335,0.8340976124063224
37860.374,0.83433291102579
37870.414000000004,0.8346266342603046
37880.452,0.8349851349784001
37890.491,0.8353084247309787
37900.531,0.8354377489453442
37910.569,0.8353273780298158
37920.609000000004,0.8349909762208845
37930.648,0.834421220549147
37940.686,0.8335673320782715
37950.726,0.8324119044502024
37960.765,0.8310437953147239
37970.803,0.8295584938224502
37980.843,0.8280144153012607
37990.882,0.8264727367405276
38000.92,0.8250240662797826
38010.96,0.8237183432111542
38021.0,0.8225937508966042
38031.037,0.8217248694641444
38041.077,0.8211165957924796
38051.116,0.8206806679272386
38061.156,0.8203459109129301
38071.193999999996,0.8200649158407816
38081.234,0.8197833033355744
38091.273,0.8194644925077659
38101.310000000005,0.8190311537820845
38111.35,0.8184316705369874
38121.39,0.8176786089162713
38131.428,0.8167582810801619
38141.468,0.8156381109651573
38151.507,0.8143044876549109
38161.545,0.8127420157174277
38171.585,0.8109475631494415
38181.623999999996,0.8090291898425797
38191.662000000004,0.8071406296988606
38201.702000000005,0.8053368042820956
38211.741,0.8036381664767173
38221.781,0.801978867658941
38231.818999999996,0.8002939037644281
38241.858,0.7986073240974038
38251.898,0.796918408325396
38261.936,0.7952324366406723
38271.975999999995,0.7935893311515193
38282.015,0.7920243577963476
38292.053,0.7905386431378142
38302.093,0.7891806752495907
38312.132,0.7879682539690116
38322.17,0.7868124073539894
38332.21,0.7856633466711898
38342.25,0.7845762340968967
38352.287000000004,0.7835620720739063
38362.327,0.7825730260097082
38372.366,0.7815848021845851
38382.404,0.7805901627832175
38392.444,0.779644332921648
38402.483,0.7787926630723162
38412.523,0.7780392519204241
38422.56,0.7774108481440206
38432.6,0.7769295538816801
38442.64,0.7765893957367965
38452.678,0.7763660231447401
38462.718,0.7762333479744976
38472.757,0.77615717744427
38482.795,0.7761059227060046
38492.835,0.7760550921738121
38502.874,0.7759498112808157
38512.912,0.7758081836830019
38522.952,0.7756278768619413
38532.991,0.7753238391785572
38543.03,0.7748392067871331
38553.069,0.7741009117355463
38563.108,0.7730321194411843
38573.146,0.7715768080586686
38583.186,0.769719302742925
38593.225,0.7674654748549532
38603.265,0.7648428418827734
38613.303,0.7619331989681453
38623.343,0.7588394956959365
38633.382,0.7556504078759589
38643.42,0.7524987848016289
38653.46,0.7495462646259585
38663.5,0.7468930337733127
38673.537,0.744603304236886
38683.577,0.7427426856700716
38693.616,0.7413768611155872
38703.653999999995,0.7405291715897543
38713.693999999996,0.740178352561811
38723.733,0.740302716512762
38733.770000000004,0.7408670458516998
38743.81,0.7418210496167097
38753.85,0.7430636520407071
38763.89,0.7444082361079833
38773.928,0.745666453426071
38783.967000000004,0.7467088612913103
38794.007000000005,0.7474844894631446
38804.045,0.7479859761544216
38814.085,0.7482363771541801
38824.124,0.7482640948706791
38834.162000000004,0.7480932532712422
38844.202,0.7477851714427588
38854.241,0.7473856594865476
38864.279,0.7469256178979756
38874.319,0.7464518922610892
38884.358,0.746032832755702
38894.396,0.7457312368746456
38904.435999999994,0.7455913083907568
38914.475,0.7456726396677282
38924.513,0.7460178973246139
38934.553,0.7465920362102003
38944.592,0.747323880891936
38954.632,0.7481863753058495
38964.67,0.7491534924613646
38974.71,0.7501396016254306
38984.75,0.7510501459234521
38994.787,0.7518497360230183
39004.827,0.7525214146020115
39014.866,0.7530431861082933
39024.904,0.7533969511026481
39034.944,0.7535718814775649
39044.983,0.7535823720653638
39055.02,0.7535074623681717
39065.06,0.7534549388595964
39075.1,0.7534910422067471
39085.138,0.753637725420887
39095.178,0.7538920139776255
39105.217,0.7542621720086474
39115.257,0.754766900774273
39125.295000000006,0.7553970035332851
39135.334,0.756134676012762
39145.373999999996,0.7569781831878829
39155.412,0.7579242557777398
39165.452,0.7589588132879573
39175.491,0.7600449922061674
39185.529,0.7611574309067716
39195.568999999996,0.7622820776219005
39205.608,0.76336347484662
39215.646,0.7643319927268452
39225.686,0.765172760304888
39235.725,0.7659002150048144
39245.763,0.7664978202257053
39255.803,0.7669358763861189
39265.842000000004,0.7672174285464198
39275.88,0.7673239229595142
39285.92,0.76718431178484
39295.96,0.7667489124158835
39306.0,0.7659928747578
39316.037000000004,0.7648983211402864
39326.077000000005,0.7634842998714527
39336.116,0.7618232762456013
39346.154,0.7599798579839792
39356.194,0.7579597504501496
39366.233,0.7557517234570406
39376.27,0.7533715465768482
39386.31,0.7508724956698709
39396.35,0.7482970343529858
39406.388,0.745637988877589
39416.428,0.7428958934075575
39426.467000000004,0.7400886478965853
39436.505,0.7372208681088034
39446.545,0.7342883542623513
39456.584,0.7312947932731685
39466.622,0.7282549486113932
39476.662,0.7251745222040965
39486.701,0.7220711957687659
39496.741,0.718960281488643
39506.779,0.7158370116101261
39516.819,0.7126874573702069
39526.858,0.7094959800961032
39536.896,0.7062377628749096
39546.936,0.7028583374106641
39556.975,0.6992701606920764
39567.013,0.6954141032880699
39577.053,0.6912884550208045
39587.092,0.6868772328969853
39597.13,0.682155161004113
39607.17,0.6771115276055643
39617.21,0.6717345172760696
39627.246999999996,0.6660037693781873
39637.287,0.6599036058145334
39647.326,0.6534626829233747
39657.366,0.646734664866473
39667.404,0.6397402459326759
39677.443999999996,0.6324726995732631
39687.483,0.6249316308992553
39697.520000000004,0.6171503821794957
39707.560000000005,0.6091770362098358
39717.6,0.6010433520793163
39727.638,0.5927756956287435
39737.678,0.5843956328592231
39747.717,0.5758857913039019
39757.755000000005,0.5672107002701965
39767.795,0.5583631782340776
39777.833999999995,0.5493350125070531
39787.872,0.5401174335912982
39797.912000000004,0.5307007960414681
39807.951,0.5210795234792185
39817.99,0.5112564053705975
39828.028999999995,0.5012330585295005
39838.068,0.491032612958785
39848.108,0.4807258920189466
39858.146,0.4703984681107109
39868.186,0.4600935972631541
39878.225,0.449833503614336
39888.263,0.4396417335629176
39898.303,0.4295467090963665
39908.342000000004,0.419563981963426
39918.38,0.4097099697729804
39928.42,0.4000053733519085
39938.46,0.3904349976276585
39948.497,0.3809775004746844
39958.537000000004,0.3716359821577513
39968.576,0.3624167570193098
39978.614,0.3533206018047902
39988.654,0.344347160433878
39998.693,0.3354886471509423
40008.73,0.3267327190519598
40018.773,0.3180628655884331
40028.810000000005,0.3094697594141769
40038.850000000006,0.3009811951738246
40048.89000000001,0.2926291263903069
40058.928,0.2844254082163261
40068.965,0.276371225560456
40079.007000000005,0.2684583952333825
40089.045,0.2606980748906
40099.08,0.2531041418352023
40109.123999999996,0.2456800091104513
40119.16,0.2384363018309898
40129.200000000004,0.2313915400245752
40139.240000000005,0.2245497768378404
40149.280000000006,0.2178941049988323
40159.316,0.2114069888609259
40169.36,0.2050763262874498
40179.396,0.1988909775777538
40189.433000000005,0.1928353423854573
40199.475,0.1869057620635945
40209.513,0.1811021071102809
40219.55,0.1754098130103303
40229.590000000004,0.1698240089129783
40239.630000000005,0.1643499072111225
40249.667,0.1589823006760858
40259.71,0.1537110810973966
40269.747,0.1485455235958875
40279.79,0.1435015585469211
40289.826,0.1385814021175185
40299.864,0.133786474656583
40309.906,0.1291253054192268
40319.943,0.1246092291778504
40329.98,0.1202438257634398
40340.023,0.1160275863535551
40350.06,0.111953847486119
40360.1,0.1080226096640957
40370.14,0.1042388676840277
40380.177,0.1005991416958764
40390.215,0.0970917265847485
40400.257000000005,0.0937046305304405
40410.295,0.0904235289833017
40420.33,0.0872311305322216
40430.374,0.084128643132026
40440.41,0.0811381189093271
40450.45,0.0782814200045034
40460.49,0.0755773613844896
40470.53,0.0730402499430088
40480.566,0.0706761706402446
40490.61,0.0684838804221869
40500.646,0.0664558881988451
40510.683,0.0645824824563128
40520.725000000006,0.0628504680559076
40530.763,0.0612381188290949
40540.799999999996,0.0597191630527881
40550.84,0.0582678254790774