x,order_1,order_2
0,82.22772064548758,86.35920813473022
1,82.17166728715895,86.22937502645166
2,82.11569898721928,86.10009528784448
3,82.05981551220135,85.97136778504112
4,82.00401662898805,85.84319138547158
5,81.94830210481231,85.71556495786346
6,81.89267170725714,85.58848737224187
7,81.83712520425559,85.46195749992951
8,81.7816623640908,85.33597421354665
9,81.726282955396,85.2105363870111
10,81.67098674715446,85.08564289553829
11,81.61577350869952,84.96129261564111
12,81.5606430097146,84.83748442513014
13,81.50559502023316,84.71421720311344
14,81.45062931063877,84.59148982999663
15,81.39574565166507,84.46930118748296
16,81.3409438143957,84.34765015857319
17,81.28622357026445,84.22653562756564
18,81.23158469105513,84.10595648005624
19,81.17702694890164,83.98591160293843
20,81.12255011628793,83.86639988440325
21,81.06815396604804,83.74742021393931
22,81.01383827136607,83.62897148233274
23,80.95960280577617,83.51105258166729
24,80.90544734316259,83.3936624053242
25,80.85137165775963,83.27679984798237
26,80.79737552415165,83.1604638056182
27,80.74345871727311,83.04465317550566
28,80.6896210124085,82.92936685621628
29,80.63586218519241,82.81460374761917
30,80.58218201160946,82.70036275088103
31,80.5285802679944,82.58664276846605
32,80.47505673103198,82.47344270413606
33,80.42161117775707,82.36076146295039
34,80.36824338555458,82.24859795126599
35,80.3149531321595,82.13695107673735
36,80.26174019565688,82.02581974831651
37,80.20860435448186,81.91520287625309
38,80.15554538741961,81.80509937209428
39,80.1025630736054,81.6955081486848
40,80.04965719252456,81.58642812016699
41,79.99682752401249,81.4778582019807
42,79.94407384825465,81.36979731086336
43,79.89139594578657,81.26224436485
44,79.83879359749386,81.15519828327318
45,79.78626658461219,81.048657986763
46,79.7338146887273,80.94262239724719
47,79.681437691775,80.83709043795098
48,79.62913537604116,80.73206103339719
49,79.57690752416173,80.62753310940622
50,79.52475391912272,80.523505593096
51,79.47267434426021,80.41997741288206
52,79.42066858326035,80.31694749847748
53,79.36873642015937,80.21441478089287
54,79.31687763934353,80.11237819243645
55,79.26509202554921,80.010836666714
56,79.21337936386281,79.90978913862884
57,79.16173943972085,79.80923454438187
58,79.11017203890988,79.70917182147153
59,79.05867694756651,79.60959990869388
60,79.00725395217746,79.51051774614248
61,78.9559028395795,79.41192427520849
62,78.90462339695944,79.31381843858064
63,78.85341541185419,79.21619918024518
64,78.80227867215072,79.11906544548599
65,78.75121296608607,79.02241618088445
66,78.70021808224736,78.92625033431952
67,78.64929380957176,78.83056685496777
68,78.5984399373465,78.73536469330328
69,78.5476562552089,78.64064280109773
70,78.49694255314635,78.54640013142031
71,78.4462986214963,78.45263563863784
72,78.39572425094624,78.35934827841469
73,78.3452192325338,78.26653700771274
74,78.29478335764658,78.1742007847915
75,78.24441641802235,78.08233856920799
76,78.1941182057489,77.99094932181686
77,78.14388851326406,77.90003200477027
78,78.09372713335577,77.80958558151794
79,78.04363385916204,77.71960901680718
80,77.99360848417092,77.63010127668288
81,77.94365080222055,77.54106132848744
82,77.89376060749913,77.45248814086088
83,77.84393769454493,77.36438068374075
84,77.79418185824629,77.27673792836215
85,77.74449289384161,77.18955884725781
86,77.69487059691937,77.10284241425794
87,77.64531476341813,77.01658760449038
88,77.59582518962647,76.93079339438049
89,77.5464016721831,76.84545876165123
90,77.49704400807676,76.76058268532309
91,77.44775199464624,76.67616414571415
92,77.39852542958047,76.59220212444004
93,77.34936411091839,76.50869560441396
94,77.30026783704899,76.42564356984668
95,77.25123640671141,76.34304500624651
96,77.20226961899479,76.26089890041936
97,77.15336727333835,76.17920424046866
98,77.10452916953138,76.09796001579544
99,77.05575510771327,76.01716521709828
100,77.00704488837343,75.93681883637333
101,76.95839831235136,75.8569198669143
102,76.90981518083666,75.77746730331246
103,76.86129529536893,75.69846014145665
104,76.81283845783791,75.61989737853327
105,76.76444447048335,75.54177801302627
106,76.71611313589511,75.46410104471721
107,76.6678442570131,75.38686547468515
108,76.6196376371273,75.31007030530678
109,76.57149307987774,75.23371454025632
110,76.52341038925455,75.15779718450551
111,76.47538936959792,75.08231724432375
112,76.4274298255981,75.00727372727793
113,76.37953156229541,74.93266564223254
114,76.33169438508025,74.8584919993496
115,76.28391809969307,74.78475181008872
116,76.2362025122244,74.7114440872071
117,76.18854742911482,74.63856784475942
118,76.14095265715503,74.56612209809803
119,76.09341800348574,74.49410586387276
120,76.04594327559774,74.42251816003103
121,75.99852828133191,74.35135800581786
122,75.95117282887921,74.28062442177577
123,75.90387672678062,74.21031642974489
124,75.85663978392722,74.1404330528629
125,75.80946180956016,74.07097331556504
126,75.76234261327063,74.00193624358413
127,75.71528200499993,73.93332086395053
128,75.66827979503942,73.86512620499218
129,75.62133579403049,73.79735129633458
130,75.57444981296463,73.7299951689008
131,75.52762166318341,73.66305685491147
132,75.48085115637844,73.59653538788477
133,75.43413810459141,73.53042980263646
134,75.38748232021408,73.46473913527987
135,75.34088361598828,73.39946242322587
136,75.29434180500589,73.33459870518291
137,75.2478567007089,73.27014702115702
138,75.20142811688932,73.20610641245175
139,75.15505586768926,73.14247592166825
140,75.10873976760088,73.07925459270523
141,75.06247963146645,73.01644147075895
142,75.01627527447823,72.95403560232324
143,74.97012651217862,72.89203603518952
144,74.92403316046007,72.83044181844672
145,74.87799503556506,72.76925200248137
146,74.83201195408621,72.70846563897756
147,74.78608373296613,72.64808178091694
148,74.74021018949757,72.58809948257873
149,74.6943911413233,72.52851779953971
150,74.64862640643615,72.46933578867421
151,74.60291580317907,72.41055250815417
152,74.55725915024506,72.35216701744902
153,74.51165626667714,72.2941783773258
154,74.46610697186847,72.23658564984915
155,74.42061108556223,72.1793878983812
156,74.37516842785168,72.12258418758168
157,74.32977881918016,72.06617358340787
158,74.28444208034107,72.01015515311465
159,74.23915803247787,71.95452796525443
160,74.19392649708412,71.89929108967718
161,74.14874729600339,71.84444359753047
162,74.10362025142939,71.78998456125939
163,74.05854518590584,71.73591305460661
164,74.01352192232656,71.6822281526124
165,73.96855028393543,71.62892893161452
166,73.92363009432638,71.57601446924838
167,73.87876117744345,71.52348384444689
168,73.83394335758071,71.47133613744053
169,73.7891764593823,71.41957042975737
170,73.74446030784249,71.36818580422305
171,73.69979472830552,71.31718134496073
172,73.65517954646576,71.26655613739118
173,73.61061458836764,71.21630926823269
174,73.56609968040566,71.16643982550116
175,73.52163464932438,71.11694689851002
176,73.47721932221843,71.06782957787028
177,73.43285352653251,71.01908695549052
178,73.38853709006139,70.97071812457686
179,73.3442698409499,70.92272217963301
180,73.30005160769296,70.87509821646022
181,73.25588221913553,70.82784533215731
182,73.21176150447266,70.7809626251207
183,73.16768929324945,70.7344491950443
184,73.12366541536107,70.68830414291966
185,73.07968970105281,70.64252657103586
186,73.03576198091994,70.59711558297953
187,72.99188208590787,70.55207028363488
188,72.94804984731205,70.5073897791837
189,72.90426509677799,70.46307317710531
190,72.86052766630128,70.41911958617662
191,72.81683738822758,70.3755281164721
192,72.77319409525262,70.33229787936378
193,72.7295976204222,70.28942798752122
194,72.68604779713216,70.24691755491162
195,72.64254445912844,70.20476569679968
196,72.59908744050706,70.1629715297477
197,72.55567657571407,70.12153417161551
198,72.51231169954562,70.08045274156053
199,72.4689926471479,70.03972636003775
200,72.42571925401718,69.99935414879968
201,72.3824913559998,69.95933523089646
202,72.3393087892922,69.91966873067572
203,72.29617139044083,69.88035377378273
204,72.25307899634224,69.84138948716027
205,72.21003144424304,69.8027749990487
206,72.16702857173995,69.76450943898595
207,72.12407021677967,69.7265919378075
208,72.08115621765906,69.68902162764641
209,72.03828641302499,69.65179764193329
210,71.99546064187442,69.61491911539632
211,71.95267874355437,69.57838518406125
212,71.90994055776196,69.54219498525138
213,71.86724592454432,69.50634765758761
214,71.82459468429869,69.47084234098833
215,71.78198667777238,69.43567817666957
216,71.73942174606275,69.4008543071449
217,71.69689973061723,69.36636987622542
218,71.65442047323334,69.33222402901984
219,71.61198381605865,69.29841591193443
220,71.56958960159079,69.26494467267297
221,71.52723767267747,69.23180946023687
222,71.48492787251647,69.19900942492508
223,71.44266004465564,69.16654371833411
224,71.4004340329929,69.13441149335803
225,71.35824968177623,69.10261190418848
226,71.31610683560368,69.07114410631466
227,71.27400533942335,69.04000725652335
228,71.23194503853347,69.00920051289887
229,71.18992577858226,68.97872303482312
230,71.14794740556806,68.94857398297555
231,71.10600976583927,68.9187525193332
232,71.06411270609433,68.88925780717065
233,71.02225607338181,68.86008901106004
234,70.98043971510026,68.8312452968711
235,70.9386634789984,68.8027258317711
236,70.8969272131749,68.77452978422488
237,70.85523076607862,68.74665632399487
238,70.81357398650842,68.71910462214102
239,70.77195672361323,68.69187385102086
240,70.73037882689206,68.6649631842895
241,70.688840146194,68.6383717968996
242,70.64734053171817,68.6120988651014
243,70.6058798340138,68.58614356644267
244,70.5644579039802,68.56050507976877
245,70.52307459286668,68.53518258522263
246,70.48172975227267,68.51017526424471
247,70.44042323414767,68.48548229957308
248,70.39915489079124,68.46110287524333
249,70.35792457485297,68.43703617658863
250,70.3167321393326,68.41328139023977
251,70.27557743757986,68.389837704125
252,70.23446032329458,68.36670430747019
253,70.19338065052669,68.34388039079879
254,70.15233827367612,68.32136514593178
255,70.11133304749292,68.29915776598773
256,70.0703648270772,68.27725744538276
257,70.02943346787913,68.25566337983054
258,69.98853882569894,68.23437476634233
259,69.94768075668694,68.21339080322694
260,69.90685911734352,68.19271069009076
261,69.86607376451911,68.17233362783773
262,69.82532455541424,68.15225881866935
263,69.78461134757949,68.13248546608469
264,69.74393399891548,68.11301277488037
265,69.70329236767299,68.09383995115061
266,69.66268631245275,68.07496620228716
267,69.62211569220564,68.05639073697935
268,69.58158036623259,68.03811276521407
269,69.54108019418457,68.02013149827576
270,69.50061503606267,68.00244614874646
271,69.46018475221801,67.98505593050572
272,69.41978920335178,67.96796005873072
273,69.37942825051525,67.95115774989614
274,69.33910175510975,67.93464822177428
275,69.2988095788867,67.91843069343496
276,69.25855158394756,67.90250438524558
277,69.21832763274386,67.88686851887111
278,69.17813758807725,67.87152231727407
279,69.13798131309935,67.85646500471458
280,69.09785867131194,67.84169580675027
281,69.05776952656682,67.82721395023636
282,69.01771374306588,67.81301866332564
283,68.97769118536107,67.79910917546847
284,68.9377017183544,67.78548471741276
285,68.89774520729797,67.77214452120397
286,68.85782151779394,67.75908782018514
287,68.81793051579452,67.7463138489969
288,68.778072067602,67.7338218435774
289,68.73824603986874,67.72161104116239
290,68.6984522995972,67.70968068028513
291,68.65869071413982,67.69803000077653
292,68.61896115119923,67.68665824376497
293,68.57926347882803,67.67556465167644
294,68.53959756542892,67.66474846823454
295,68.49996327975468,67.65420893846033
296,68.46036049090816,67.64394530867251
297,68.42078906834226,67.63395682648733
298,68.38124888185993,67.6242427408186
299,68.34173980161427,67.61480230187769
300,68.30226169810834,67.60563476117353
301,68.26281444219535,67.59673937151263
302,68.22339790507854,67.58811538699902
303,68.18401195831123,67.57976206303438
304,68.14465647379681,67.57167865631786
305,68.10533132378875,67.56386442484624
306,68.06603638089055,67.55631862791383
307,68.02677151805581,67.5490405261125
308,67.98753660858819,67.54202938133173
309,67.94833152614142,67.53528445675849
310,67.90915614471929,67.52880501687739
311,67.87001033867568,67.52259032747055
312,67.83089398271453,67.5166396556177
313,67.79180695188981,67.51095226969606
314,67.75274912160562,67.5055274393805
315,67.71372036761609,67.5003644356434
316,67.67472056602543,67.49546253075474
317,67.63574959328791,67.490820998282
318,67.59680732620788,67.4864391130903
319,67.55789364193974,67.48231615134229
320,67.519008417988,67.47845139049817
321,67.48015153220719,67.47484410931573
322,67.44132286280193,67.4714935878503
323,67.40252228832689,67.4683991074548
324,67.36374968768686,67.4655599507797
325,67.32500494013665,67.46297540177304
326,67.28628792528113,67.46064474568038
327,67.2475985230753,67.45856726904495
328,67.20893661382415,67.4567422597074
329,67.17030207818279,67.45516900680607
330,67.1316947971564,67.45384680077682
331,67.0931146521002,67.45277493335303
332,67.05456152471949,67.45195269756572
333,67.01603529706964,67.4513793877434
334,66.9775358515561,67.45105429951221
335,66.93906307093437,67.45097672979583
336,66.90061683831003,67.45114597681545
337,66.86219703713873,67.45156134008991
338,66.82380355122616,67.45222212043558
339,66.78543626472812,67.45312761996638
340,66.74709506215045,67.4542771420938
341,66.70877982834908,67.45566999152689
342,66.67049044852999,67.45730547427229
343,66.63222680824921,67.45918289763418
344,66.5939887934129,67.4613015702143
345,66.55577629027725,67.46366080191197
346,66.5175891854485,67.46625990392408
347,66.47942736588298,67.46909818874505
348,66.44129071888709,67.47217497016689
349,66.4031791321173,67.47548956327918
350,66.36509249358014,67.47904128446906
351,66.32703069163222,67.4828294514212
352,66.2889936149802,67.48685338311788
353,66.25098115268081,67.49111239983893
354,66.21299319414088,67.49560582316172
355,66.17502962911726,67.50033297596121
356,66.1370903477169,67.50529318240993
357,66.09917524039685,67.51048576797794
358,66.06128419796414,67.51591005943291
359,66.02341711157594,67.52156538484003
360,65.98557387273948,67.52745107356208
361,65.94775437331201,67.53356645625938
362,65.90995850550092,67.53991086488986
363,65.87218616186362,67.54648363270897
364,65.83443723530759,67.55328409426973
365,65.7967116190904,67.56031158542274
366,65.75900920681968,67.56756544331617
367,65.72132989245313,67.57504500639573
368,65.68367357029851,67.58274961440468
369,65.64604013501365,67.5906786083839
370,65.60842948160644,67.5988313306718
371,65.57084150543487,67.60720712490435
372,65.53327610220697,67.61580533601509
373,65.49573316798086,67.62462531023512
374,65.45821259916468,67.6336663950931
375,65.4207142925167,67.64292793941529
376,65.38323814514524,67.65240929332546
377,65.34578405450867,67.66210980824499
378,65.30835191841543,67.67202883689278
379,65.27094163502404,67.68216573328533
380,65.23355310284309,67.69251985273671
381,65.19618622073124,67.70309055185851
382,65.15884088789718,67.71387718855992
383,65.12151700389975,67.72487912204768
384,65.08421446864779,67.7360957128261
385,65.04693318240021,67.74752632269706
386,65.00967304576602,67.75917031475997
387,64.97243395970429,67.77102705341186
388,64.93521582552412,67.78309590434728
389,64.89801854488476,67.79537623455835
390,64.86084201979546,67.80786741233476
391,64.82368615261554,67.82056880726378
392,64.78655084605441,67.83347979023023
393,64.74943600317158,67.8465997334165
394,64.71234152737655,67.8599280103025
395,64.67526732242895,67.87346399566576
396,64.63821329243846,67.88720706558138
397,64.60117934186484,67.90115659742196
398,64.56416537551787,67.91531196985773
399,64.52717129855748,67.92967256285644
400,64.4901970164936,67.94423775768344
401,64.45324243518624,67.95900693690162
402,64.41630746084552,67.97397948437141
403,64.37939200003157,67.98915478525086
404,64.34249595965463,68.00453222599556
405,64.305619246975,68.02011119435865
406,64.26876176960305,68.03589107939084
407,64.2319234354992,68.05187127144043
408,64.19510415297394,68.06805116215322
409,64.15830383068786,68.08443014447266
410,64.12152237765159,68.1010076126397
411,64.08475970322581,68.11778296219289
412,64.04801571712136,68.13475558996831
413,64.01129032939902,68.15192489409964
414,63.97458345046972,68.16929027401807
415,63.93789499109445,68.18685113045242
416,63.901224862384254,68.20460686542904
417,63.864572975800236,68.22255688227186
418,63.827939243153594,68.24070058560234
419,63.79132357660558,68.25903738133954
420,63.75472588866751,68.27756667670005
421,63.71814609220077,68.29628788019807
422,63.681584100416835,68.31520040164533
423,63.64503982687721,68.3343036521511
424,63.60851318549351,68.35359704412231
425,63.572004090527386,68.37307999126332
426,63.53551245659058,68.39275190857617
427,63.49903819864488,68.4126122123604
428,63.46258123200216,68.43266032021315
429,63.42614147232436,68.45289565102908
430,63.38971883562348,68.47331762500045
431,63.353313238261606,68.49392566361706
432,63.31692459695086,68.51471918966632
433,63.28055282875347,68.53569762723313
434,63.24419785108171,68.55686040170004
435,63.20785958169793,68.57820693974708
436,63.171537938714536,68.5997366693519
437,63.13523284059403,68.6214490197897
438,63.09894420614894,68.64334342163323
439,63.06267195454191,68.66541930675282
440,63.026416005285625,68.68767610831637
441,62.990176278242835,68.71011326078931
442,62.95395269362636,68.73273019993468
443,62.917745171999115,68.75552636281304
444,62.881553634274056,68.77850118778255
445,62.84537800171421,68.80165411449892
446,62.80921819593267,68.8249845839154
447,62.773074138892625,68.84849203828286
448,62.73694575290729,68.87217592114966
449,62.700832960639985,68.89603567736181
450,62.66473568510408,68.9200707530628
451,62.628653849663,68.94428059569374
452,62.59258737803029,68.96866465399327
453,62.5565361942695,68.99322237799765
454,62.52050022279428,69.01795321904063
455,62.484479388368364,69.04285662975356
456,62.448473616105524,69.06793206406536
457,62.4124828314696,69.09317897720251
458,62.37650696027454,69.11859682568904
459,62.340545928684314,69.14418506734656
460,62.30459966321298,69.16994316129423
461,62.268668090724674,69.19587056794879
462,62.23275113843358,69.22196674902453
463,62.19684873390396,69.24823116753332
464,62.16096080505016,69.27466328778456
465,62.12508728013657,69.30126257538527
466,62.08922808777764,69.32802849723998
467,62.05338315693795,69.35496052155082
468,62.01755241693206,69.38205811781745
469,61.98173579742467,69.40932075683712
470,61.94593322843051,69.43674791070465
471,61.9101446403144,69.46433905281239
472,61.87436996379121,69.4920936578503
473,61.838609129925885,69.52001120180587
474,61.80286207013345,69.54809116196415
475,61.76712871617898,69.57633301690778
476,61.731409000177635,69.60473624651695
477,61.69570285459462,69.63330033196941
478,61.66001021224524,69.66202475574048
479,61.62433100629484,69.69090900160305
480,61.588665170258864,69.71995255462755
481,61.553012638002784,69.74915490118201
482,61.51737334374218,69.77851552893199
483,61.481747222042664,69.80803392684064
484,61.44613420781995,69.83770958516867
485,61.41053423633981,69.86754199547433
486,61.37494724321806,69.89753065061345
487,61.33937316442063,69.92767504473942
488,61.303811936263465,69.95797467330323
489,61.268263495412626,69.98842903305335
490,61.232727778884225,70.01903762203591
491,61.197204724044425,70.04979993959456
492,61.16169426860948,70.0807154863705
493,61.1261963506457,70.11178376430249
494,61.09071090856948,70.14300427662691
495,61.05523788114725,70.17437652787764
496,61.01977720749555,70.20590002388616
497,60.98432882708097,70.23757427178151
498,60.94889267972016,70.26939877999027
499,60.913468705579845,70.3013730582366
500,60.87805684517681,70.33349661754225
501,60.842657039377926,70.3657689702265
502,60.807269229400134,70.3981896299062
503,60.77189335681041,70.43075811149576
504,60.73652936352583,70.46347393120718
505,60.70117719181354,70.49633660654999
506,60.66583678429073,70.52934565633132
507,60.630508083924695,70.56250060065581
508,60.595191034032744,70.59580096092571
509,60.559885578282305,70.62924625984085
510,60.52459166069086,70.66283602139856
511,60.489309225625945,70.69656977089379
512,60.45403821780517,70.73044703491901
513,60.41877858229623,70.76446734136431
514,60.38353026451687,70.79863021941728
515,60.348293210234914,70.83293519956312
516,60.313067365568244,70.86738181358459
517,60.27785267698482,70.90196959456199
518,60.24264909130267,70.93669807687318
519,60.20745655568987,70.97156679619363
520,60.17227501766462,71.00657528949633
521,60.1371044250951,71.04172309505186
522,60.10194472619965,71.07700975242832
523,60.06679586954662,71.11243480249146
524,60.03165780405444,71.1479977874045
525,59.99653047899162,71.18369825062828
526,59.96141384397673,71.21953573692119
527,59.92630784897842,71.25550979233917
528,59.891212444315386,71.29161996423575
529,59.856127580656405,71.32786580126199
530,59.82105320902034,71.36424685336657
531,59.78598928077609,71.40076267179566
532,59.75093574764264,71.43741280909306
533,59.71589256168904,71.47419681910009
534,59.6808596753344,71.51111425695566
535,59.64583704134794,71.54816467909623
536,59.61082461284888,71.58534764325583
537,59.57582234330657,71.62266270846604
538,59.540830186540376,71.66010943505603
539,59.50584809671979,71.69768738465251
540,59.470876028364316,71.73539612017979
541,59.43591393634357,71.77323520585966
542,59.400961775877214,71.8112042072116
543,59.366019502534975,71.84930269105254
544,59.33108707223666,71.88753022549704
545,59.296164441252145,71.9258863799572
546,59.26125156620138,71.96437072514269
547,59.22634840405435,72.00298283306073
548,59.191454912131135,72.04172227701612
549,59.156571048101895,72.08058863161123
550,59.12169676998684,72.11958147274596
551,59.08683203615625,72.15870037761783
552,59.05197680533047,72.19794492472187
553,59.017131036579926,72.23731469385069
554,58.98229468932511,72.27680926609449
555,58.94746772333656,72.316428223841
556,58.912650098734915,72.35617115077552
557,58.87784177599086,72.39603763188092
558,58.843042715925165,72.43602725343766
559,58.808252879708654,72.47613960302371
560,58.77347222886222,72.51637426951466
561,58.738700725256834,72.55673084308361
562,58.703938331113534,72.59720891520128
563,58.669185009003414,72.63780807863589
564,58.63444072184765,72.67852792745327
565,58.59970543291749,72.71936805701684
566,58.564979105834226,72.76032806398749
567,58.53026170456925,72.80140754632376
568,58.495553193443996,72.84260610328172
569,58.46085353712998,72.88392333541502
570,58.42616270064878,72.92535884457484
571,58.391480649372056,72.96691223390997
572,58.35680734902152,73.00858310786673
573,58.322142765668964,73.050371072189
574,58.28748686573624,73.09227573391824
575,58.25283961599527,73.13429670139351
576,58.21820098356804,73.17643358425134
577,58.183570935926625,73.21868599342592
578,58.14894944089315,73.26105354114895
579,58.114336466639806,73.30353584094972
580,58.079731981688866,73.34613250765506
581,58.04513595491265,73.38884315738937
582,58.01054835553359,73.43166740757464
583,57.97596915312412,73.47460487693037
584,57.9413983176068,73.5176551854737
585,57.90683581925424,73.56081795451925
586,57.87228162868911,73.60409280667928
587,57.83773571688416,73.64747936586357
588,57.8031980551622,73.69097725727947
589,57.7686686151961,73.73458610743188
590,57.734147369008824,73.7783055441233
591,57.69963428897339,73.82213519645379
592,57.66512934781288,73.86607469482094
593,57.63063251860045,73.9101236709199
594,57.59614377475932,73.95428175774347
595,57.56166309006279,73.99854858958189
596,57.52719043863421,74.04292380202304
597,57.492725794947006,74.08740703195237
598,57.4582691338247,74.13199791755287
599,57.42382043044083,74.17669609830506
600,57.389379660319044,74.22150121498711
601,57.354946799333035,74.2664129096747
602,57.320521823706585,74.31143082574103
603,57.28610471001352,74.35655460785695
604,57.251695435177766,74.40178390199084
605,57.21729397647327,74.44711835540863
606,57.18290031152411,74.49255761667382
607,57.14851441830437,74.5381013356475
608,57.11413627513825,74.58374916348826
609,57.07976586069998,74.62950075265236
610,57.0454031540139,74.67535575689351
611,57.011048134454384,74.72131383126305
612,56.97670078174589,74.76737463210985
613,56.94236107596294,74.81353781708039
614,56.908028997530124,74.85980304511867
615,56.8737045272221,74.90616997646629
616,56.8393876461636,74.95263827266236
617,56.80507833582943,74.99920759654363
618,56.77077657804443,75.04587761224431
619,56.736482354983565,75.09264798519631
620,56.70219564917181,75.13951838212898
621,56.667916443484245,75.18648847106931
622,56.63364472114601,75.23355792134183
623,56.59938046573231,75.28072640356858
624,56.56512366116843,75.32799358966928
625,56.530874291729695,75.37535915286111
626,56.49663234204153,75.42282276765889
627,56.46239779707942,75.47038410987491
628,56.428170642168894,75.51804285661915
629,56.39395086298559,75.56579868629903
630,56.35973844555518,75.61365127861963
631,56.32553337625343,75.66160031458351
632,56.291335641806164,75.70964547649086
633,56.257145229289264,75.75778644793942
634,56.22296212612868,75.80602291382449
635,56.18878632010046,75.8543545603389
636,56.154617799330694,75.9027810749731
637,56.12045655229554,75.95130214651506
638,56.08630256782124,75.99991746505036
639,56.05215583508409,76.04862672196207
640,56.01801634361047,76.09742960993088
641,55.98388408327679,76.14632582293507
642,55.94975904430959,76.19531505625042
643,55.915641217285426,76.24439700645028
644,55.88153059313095,76.29357137140563
645,55.84742716312286,76.34283785028494
646,55.81333091888796,76.39219614355427
647,55.779241852403075,76.44164595297725
648,55.74515995599514,76.4911869816151
649,55.711085222341126,76.54081893382653
650,55.677017644468094,76.59054151526786
651,55.64295721575317,76.64035443289302
652,55.60890392992354,76.6902573949534
653,55.574857781056465,76.74025011099806
654,55.540818763579274,76.79033229187354
655,55.50678687226935,76.84050364972401
656,55.47276210225418,76.89076389799112
657,55.43874444901127,76.94111275141417
658,55.40473390836824,76.99154992602998
659,55.37073047650276,77.04207513917297
660,55.33673414994256,77.09268810947509
661,55.30274492556545,77.14338855686582
662,55.26876280059929,77.19417620257227
663,55.234787772622056,77.24505076911912
664,55.20081983956173,77.29601198032856
665,55.1668589996964,77.34705956132035
666,55.13290525165422,77.39819323851187
667,55.0989585944134,77.449412739618
668,55.06501902730224,77.50071779365119
669,55.03108654999907,77.55210813092151
670,54.99716116253232,77.60358348303654
671,54.96324286528049,77.65514358290145
672,54.92933165897213,77.70678816471896
673,54.89542754468588,77.75851696398936
674,54.86153052385041,77.81032971751051
675,54.82764059824451,77.86222616337781
676,54.793757769997,77.91420604098425
677,54.75988204158678,77.9662690910204
678,54.726013415842814,78.01841505547432
679,54.69215189594415,78.07064367763172
680,54.658297485419894,78.12295470207582
681,54.62445018814921,78.17534787468743
682,54.59061000836136,78.2278229426449
683,54.55677695063564,78.28037965442418
684,54.52295101990143,78.33301775979875
685,54.489132221438176,78.38573700983966
686,54.4553205608754,78.43853715691554
687,54.421516044192686,78.4914179546926
688,54.38771867771968,78.54437915813455
689,54.35392846813612,78.59742052350269
690,54.32014542247178,78.65054180835594
691,54.286369548106535,78.70374277155071
692,54.252600852770286,78.75702317324102
693,54.218839344543056,78.81038277487845
694,54.18508503185489,78.86382133921211
695,54.151337923485926,78.91733863028868
696,54.11759802856636,78.97093441345247
697,54.08386535657647,79.02460845534527
698,54.050139917346584,79.07836052390645
699,54.016421721057114,79.13219038837302
700,53.98271077823853,79.18609781927945
701,53.94900709977138,79.24008258845782
702,53.915310696886266,79.2941444690378
703,53.88162158116387,79.34828323544659
704,53.847939764534935,79.40249866340892
705,53.8142652592803,79.45679052994718
706,53.78059807803082,79.51115861338127
707,53.746938233767466,79.56560269332863
708,53.713285739821245,79.62012255070427
709,53.67964060987326,79.6747179677208
710,53.64600285795467,79.72938872788839
711,53.61237249844669,79.78413461601474
712,53.578749546080616,79.83895541820515
713,53.545134015937826,79.89385092186245
714,53.51152592344974,79.94882091568707
715,53.47792528439784,80.00386518967697
716,53.44433211491373,80.05898353512768
717,53.410746431479026,80.11417574463233
718,53.377168250925436,80.16944161208158
719,53.34359759043474,80.22478093266363
720,53.31003446753877,80.28019350286434
721,53.27647890011944,80.33567912046698
722,53.24293090640873,80.39123758455256
723,53.20939050498869,80.4468686954995
724,53.175857714791434,80.50257225498389
725,53.14233255509914,80.5583480659793
726,53.10881504554406,80.614195932757
727,53.075305206108524,80.67011566088564
728,53.04180305712493,80.72610705723156
729,53.00830861927571,80.78216992995864
730,52.9748219135934,80.83830408852829
731,52.941342961460606,80.89450934369953
732,52.90787178460997,80.95078550752893
733,52.87440840512425,81.0071323933706
734,52.84095284543622,81.06354981587621
735,52.80750512832876,81.12003759099505
736,52.774065276934806,81.17659553597393
737,52.740633314737366,81.2332234693572
738,52.7072092655695,81.28992121098685
739,52.67379315361437,81.34668858200239
740,52.64038500340517,81.40352540484086
741,52.60698483982518,81.46043150323689
742,52.57359268810775,81.51740670222276
743,52.540208573836296,81.57445082812814
744,52.50683252294431,81.63156370858042
745,52.47346456171532,81.68874517250445
746,52.44010471678296,81.74599505012274
747,52.40675301513093,81.80331317295528
748,52.37340948409298,81.86069937381964
749,52.34007415135292,81.91815348683102
750,52.30674704494467,81.97567534740207
751,52.27342819325217,82.0332647922431
752,52.24011762500947,82.09092165936197
753,52.20681536930066,82.14864578806406
754,52.17352145555989,82.20643701895236
755,52.14023591357142,82.26429519392737
756,52.10695877346956,82.3222201561872
757,52.07369006573865,82.3802117502275
758,52.04042982121317,82.43826982184156
759,52.007178071077604,82.4963942181201
760,51.97393484686654,82.55458478745147
761,51.94070018046462,82.61284137952164
762,51.907474104106555,82.67116384531404
763,51.87425665037714,82.72955203710977
764,51.84104785221122,82.78800580848736
765,51.80784774289371,82.84652501432306
766,51.774656356059616,82.90510951079055
767,51.74147372569397,82.96375915536117
768,51.70829988613192,83.02247380680376
769,51.67513487205864,83.08125332518479
770,51.64197871850941,83.14009757186817
771,51.60883146086955,83.19900640951553
772,51.575693134874456,83.25797970208595
773,51.54256377660961,83.31701731483615
774,51.50944342251053,83.37611911432033
775,51.476332109362836,83.43528496839036
776,51.44322987430219,83.4945147461956
777,51.410136754814324,83.55380831818294
778,51.37705278873507,83.61316555609693
779,51.34397801425029,83.67258633297963
780,51.31091246989594,83.73207052317069
781,51.27785619455803,83.79161800230726
782,51.244809227472636,83.85122864732413
783,51.21177160822592,83.91090233645363
784,51.17874337675409,83.97063894922564
785,51.14572457334344,84.0304383664676
786,51.11271523863034,84.09030047030454
787,51.07971541360119,84.15022514415904
788,51.0467251395925,84.21021227275124
789,51.01374445829083,84.27026174209881
790,50.980773411732805,84.33037343951709
791,50.94781204230513,84.39054725361888
792,50.91486039274456,84.45078307431459
793,50.881918506137936,84.51108079281217
794,50.84898642592218,84.57144030161712
795,50.81606419588423,84.63186149453259
796,50.783151860161155,84.6923442666592
797,50.750249463240046,84.75288851439518
798,50.717357049958096,84.8134941354363
799,50.684474665502535,84.87416102877594
800,50.65160235541069,84.93488909470497
801,50.61874016556993,84.99567823481189
802,50.585888142217726,85.05652835198273
803,50.55304633194157,85.11743935040111
804,50.52021478167908,85.17841113554813
805,50.48739353871789,85.23944361420264
806,50.45458265069573,85.30053669444084
807,50.42178216560039,85.36169028563658
808,50.388992131769754,85.42290429846138
809,50.35621259789172,85.48417864488412
810,50.3234436130043,85.54551323817138
811,50.290685226495555,85.60690799288732
812,50.257937488103636,85.66836282489358
813,50.22520044791673,85.7298776513494
814,50.19247415637311,85.79145239071163
815,50.159758664261126,85.85308696273455
816,50.12705402271917,85.9147812884702
817,50.09436028323575,85.97653529026798
818,50.06167749764938,86.03834889177503
819,50.02900571814868,86.10022201793598
820,49.996344997272345,86.16215459499293
821,49.96369538790912,86.22414655048568
822,49.93105694329781,86.28619781325159
823,49.89842971702732,86.34830831342552
824,49.86581376303659,86.41047798243987
825,49.83320913561467,86.47270675302471
826,49.800615889400625,86.53499455920759
827,49.76803407938363,86.59734133631362
828,49.73546376090292,86.65974702096553
829,49.70290498964777,86.7222115510836
830,49.67035782165757,86.78473486588562
831,49.63782231332174,86.84731690588704
832,49.605298521379794,86.90995761290077
833,49.57278650292129,86.97265693003735
834,49.54028631538588,87.0354148017048
835,49.507798016563264,87.09823117360891
836,49.475321664593224,87.16110599275275
837,49.4428573179656,87.22403920743717
838,49.41040503552031,87.28703076726053
839,49.37796487644734,87.35008062311869
840,49.34553690028672,87.41318872720511
841,49.313121166928596,87.47635503301088
842,49.280717736613134,87.53957949532455
843,49.248326669930606,87.60286207023228
844,49.21594802782131,87.66620271511779
845,49.18358187157567,87.72960138866243
846,49.151228262834124,87.79305805084502
847,49.11888726358721,87.85657266294191
848,49.08655893617553,87.92014518752717
849,49.054243343289734,87.98377558847228
850,49.021940547970566,88.04746383094641
851,48.98965061360884,88.11120988141623
852,48.957373603945406,88.17501370764593
853,48.92510958307122,88.2388752786973
854,48.89285861542727,88.30279456492973
855,48.86062076580466,88.36677153800017
856,48.8283960993445,88.4308061708631
857,48.79618468153804,88.49489843777056
858,48.763986578226536,88.55904831427218
859,48.731801855601354,88.62325577721512
860,48.699630580203895,88.68752080474418
861,48.66747281892565,88.75184337630166
862,48.63532863900819,88.81622347262737
863,48.60319810804313,88.88066107575882
864,48.57108129397214,88.945156169031
865,48.53897826508702,89.00970873707645
866,48.50688909002956,89.07431876582535
867,48.47481383779168,89.13898624250533
868,48.44275257771534,89.20371115564171
869,48.410705379492576,89.26849349505729
870,48.37867231316549,89.33333325187245
871,48.34665344912625,89.39823041850515
872,48.314648858117096,89.4631849886709
873,48.282658611230325,89.52819695738279
874,48.25068277990833,89.59326632095144
875,48.21872143594355,89.6583930769851
876,48.18677465147849,89.7235772243895
877,48.154842499005746,89.788818763368
878,48.12292505136795,89.8541176954215
879,48.09102238175783,89.91947402334841
880,48.059134563718175,89.98488775124483
881,48.02726167114183,90.0503588845043
882,47.99540377827172,90.115887429818
883,47.96356095970084,90.18147339517462
884,47.93173329037225,90.24711678986051
885,47.89992084557908,90.31281762445946
886,47.868123700964524,90.37857591085287
887,47.836341932521854,90.44439166221979
888,47.80457561659439,90.51026489303666
889,47.77282482987554,90.57619561907762
890,47.74108964940877,90.64218385741438
891,47.709370152587624,90.70822962641613
892,47.67766641715572,90.77433294574966
893,47.64597852120671,90.84049383637932
894,47.61430654318435,90.90671232056708
895,47.58265056188245,90.97298842187237
896,47.5510106564449,91.03932216515229
897,47.519386906365646,91.10571357656139
898,47.48777939148869,91.17216268355195
899,47.456188192008135,91.23866951487362
900,47.42461338846813,91.30523410057373
901,47.39305506176289,91.37185647199716
902,47.361513293136724,91.43853666178632
903,47.32998816418397,91.50527470388126
904,47.298479756849076,91.57207063351949
905,47.26698815342652,91.63892448723617
906,47.23551343656088,91.70583630286396
907,47.20405568924678,91.77280611953316
908,47.172614994828926,91.83983397767152
909,47.141191437002085,91.90691991900445
910,47.10978509981111,91.97406398655492
911,47.07839606765088,92.04126622464344
912,47.0470244252664,92.10852667888807
913,47.015670257752696,92.17584539620441
914,46.98433365055487,92.24322242480571
915,46.953014689468134,92.31065781420271
916,46.92171346063771,92.37815161520376
917,46.890430050558926,92.44570387991475
918,46.85916454607716,92.51331466173912
919,46.827917034387866,92.58098401537787
920,46.79668760303658,92.64871199682966
921,46.765476339918884,92.71649866339055
922,46.73428333328043,92.7843440736543
923,46.70310867171696,92.8522482875122
924,46.67195244417426,92.92021136615311
925,46.64081473994819,92.98823337206335
926,46.60969564868469,93.05631436902694
927,46.57859526037977,93.12445442212541
928,46.54751366537948,93.19265359773789
929,46.51645095437998,93.26091196354096
930,46.48540721842745,93.32922958850894
931,46.454382548918176,93.39760654291355
932,46.42337703759851,93.46604289832413
933,46.392390776564866,93.53453872760764
934,46.36142385826371,93.60309410492857
935,46.33047637549159,93.6717091057489
936,46.29954842139513,93.74038380682832
937,46.26864008947102,93.80911828622398
938,46.237751473566,93.87791262329056
939,46.2068826678769,93.94676689868041
940,46.17603376695062,94.01568119434339
941,46.145204865684086,94.08465559352692
942,46.11439605932436,94.15369018077595
943,46.08360744346852,94.22278504193314
944,46.052839114063744,94.29194026413852
945,46.02209116740725,94.3611559358298
946,45.991363700146344,94.43043214674222
947,45.96065680927839,94.49976898790862
948,45.92997059215084,94.56916655165932
949,45.899305146461174,94.63862493162235
950,45.86866057025699,94.70814422272315
951,45.838036961935934,94.77772452118477
952,45.8074344202457,94.84736592452784
953,45.77685304428407,94.91706853157065
954,45.74629293349889,94.98683244242885
955,45.71575418768809,95.0566577585158
956,45.68523690699965,95.12654458254241
957,45.65474119193162,95.19649301851712
958,45.62426714333212,95.26650317174597
959,45.593814862399334,95.33657514883241
960,45.56338445068153,95.40670905767779
961,45.53297601007704,95.47690500748062
962,45.50258964283425,95.54716310873728
963,45.47222545155162,95.61748347324163
964,45.441883539177695,95.68786621408499
965,45.41156400901107,95.75831144565635
966,45.3812669647004,95.82881928364222
967,45.35099251024445,95.89938984502676
968,45.320740749992,95.97002324809152
969,45.29051178864193,96.04071961241581
970,45.26030573124319,96.1114790588764
971,45.230122683194786,96.18230170964762
972,45.1999627502458,96.2531876882013
973,45.16982603849538,96.32413711930705
974,45.13971265439273,96.39515012903182
975,45.10962270473715,96.46622684474023
976,45.079556296677985,96.53736739509448
977,45.04951353771465,96.6085719100543
978,45.01949453569665,96.67984052087692
979,44.98949939882354,96.75117336011724
980,44.95952823564493,96.82257056162766
981,44.92958115506053,96.89403226055819
982,44.89965826632011,96.9655585933564
983,44.86975967902348,97.03714969776738
984,44.839885503120556,97.1088057128338
985,44.8100358489113,97.18052677889587
986,44.78021082704575,97.25231303759149
987,44.750410548524016,97.32416463185595
988,44.72063512469626,97.39608170592217
989,44.690884667262736,97.46806440532075
990,44.661159288273744,97.54011287687966
991,44.63145910012968,97.61222726872455
992,44.60178421558097,97.68440773027856
993,44.572134747728136,97.75665441226258
994,44.54251081002177,97.82896746669478
995,44.512912516262524,97.90134704689112
996,44.48333998060111,97.97379330746503
997,44.45379331753832,98.04630640432751
998,44.424272641925015,98.11888649468717
999,44.394778068962125,98.19153373705007
1000,44.36530971420063,98.26424829121997
1001,44.33586769354161,98.33703031829812
1002,44.30645212323618,98.40987998068336
1003,44.27706311988555,98.4827974420721
1004,44.24770080044099,98.55578286745825
1005,44.21836528220383,98.62883642313331
1006,44.189056682825466,98.70195827668647
1007,44.1597751203074,98.77514859700429
1008,44.13052071300115,98.84840755427098
1009,44.10129357960832,98.92173531996838
1010,44.07209383918061,98.99513206687577
1011,44.04292161111975,99.06859796907011
1012,44.01377701517757,99.14213320192579
1013,43.98466017145594,99.21573794211493
1014,43.95557120040682,99.28941236760704
1015,43.92651022283223,99.36315665766938
1016,43.89747735988426,99.4369709928666
1017,43.86847273306506,99.51085555506101
1018,43.83949646422686,99.58481052741242
1019,43.81054867557196,99.65883609437834
1020,43.78162948965271,99.73293244171367
1021,43.75273902937155,99.80709975647096
1022,43.72387741798097,99.88133822700038
1023,43.69504477908355,99.95564804294952
1024,43.66624123663192,100.0300293952637
1025,43.63746691492879,100.10448247618564
1026,43.60872193862693,100.17900747925574
1027,43.580006432729164,100.25360459931193
1028,43.551320522588426,100.3282740324897
1029,43.522664333907684,100.4030159762221
1030,43.49403799273999,100.47783062923976
1031,43.46544162548844,100.55271819157086
1032,43.436875358906235,100.62767886454112
1033,43.40833932009663,100.70271285077388
1034,43.37983363651294,100.77782035419003
1035,43.35135843595854,100.85300158000797
1036,43.32291384658691,100.92825673474374
1037,43.29449999690156,101.00358602621088
1038,43.26611701575609,101.0789896635205
1039,43.237765032354154,101.15446785708137
1040,43.20944417624949,101.23002081859968
1041,43.1811545773459,101.3056487610793
1042,43.152896365897234,101.38135189882158
1043,43.12466967250745,101.4571304474255
1044,43.09647462813055,101.53298462378754
1045,43.06831136407058,101.60891464610178
1046,43.04018001198172,101.68492073385993
1047,43.012080703868136,101.76100310785107
1048,42.98401357208413,101.83716199016214
1049,42.955978749334065,101.91339760417733
1050,42.92797636867233,101.98971017457862
1051,42.90000656350341,102.0660999273454
1052,42.87206946758186,102.14256708975476
1053,42.844165215012296,102.2191118903813
1054,42.81629394024942,102.29573455909707
1055,42.788455778097976,102.37243532707193
1056,42.760650863712804,102.44921442677312
1057,42.73287933259877,102.5260720919654
1058,42.70514132061086,102.60300855771123
1059,42.677436963954094,102.68002406037066
1060,42.64976639918357,102.7571188376011
1061,42.62212976320446,102.83429312835773
1062,42.59452719327199,102.91154717289324
1063,42.566958826991474,102.9888812127578
1064,42.53942480231829,103.0662954907992
1065,42.51192525755785,103.14379025116283
1066,42.48446033136569,103.22136573929163
1067,42.45703016274738,103.29902220192601
1068,42.42963489105856,103.3767598871041
1069,42.402274656004955,103.45457904416152
1070,42.37494959764234,103.53247992373136
1071,42.347659856376566,103.61046277774442
1072,42.32040557296355,103.688527859429
1073,42.2931868885093,103.76667542331097
1074,42.26600394446984,103.84490572521369
1075,42.2388568826513,103.92321902225835
1076,42.211745845209904,104.00161557286332
1077,42.18467097465188,104.0800956367448
1078,42.15763241383358,104.15865947491645
1079,42.13063030596138,104.23730734968959
1080,42.10366479459177,104.31603952467295
1081,42.07673602363127,104.39485626477298
1082,42.049844137336486,104.47375783619357
1083,42.022989280314086,104.55274450643633
1084,41.996171597520814,104.63181654430015
1085,41.96939123426349,104.71097421988183
1086,41.94264833619898,104.79021780457555
1087,41.91594304933422,104.86954757107297
1088,41.88927552002624,104.94896379336355
1089,41.8626458949821,105.0284667467341
1090,41.83605432125899,105.1080567077691
1091,41.8095009462641,105.18773395435052
1092,41.782985917754715,105.26749876565808
1093,41.7565093838382,105.34735142216877
1094,41.73007149297199,105.42729220565741
1095,41.703672393963544,105.50732139919624
1096,41.67731223597046,105.58743928715512
1097,41.65099116850035,105.66764615520135
1098,41.6247093414109,105.74794229030006
1099,41.5984669049099,105.82832798071371
1100,41.57226400955518,105.90880351600232
1101,41.54610080625463,105.9893691870237
1102,41.51997744626622,106.07002528593296
1103,41.493894081198015,106.15077210618293
1104,41.467850863008096,106.23160994252392
1105,41.44184794400464,106.31253909100393
1106,41.41588547684592,106.39355984896834
1107,41.38996361454022,106.47467251506026
1108,41.36408251044595,106.5558773892203
1109,41.33824231827153,106.63717477268662
1110,41.31244319207549,106.71856496799492
1111,41.28668528626642,106.80004827897854
1112,41.260968755602974,106.8816250107683
1113,41.23529375519389,106.96329546979268
1114,41.20966044049793,107.04505996377767
1115,41.184068967323974,107.1269188017468
1116,41.15851949183095,107.20887229402119
1117,41.13301217052785,107.2909207522195
1118,41.107547160273754,107.37306448925801
1119,41.08212461827778,107.45530381935052
1120,41.05674470209913,107.53763905800841
1121,41.03140756964709,107.62007052204063
1122,41.00611337918098,107.70259852955368
1123,40.98086228931022,107.78522339995163
1124,40.95565445899429,107.86794545393606
1125,40.930490047542726,107.95076501350621
1126,40.90536921461514,108.03368240195883
1127,40.88029212022123,108.11669794388827
1128,40.85525892472072,108.1998119651864
1129,40.83026978882344,108.28302479304264
1130,40.8053248735893,108.36633675594406
1131,40.78042434042821,108.44974818367511
1132,40.75556835110023,108.53325940731811
1133,40.73075706771544,108.61687075925263
1134,40.705990652733995,108.70058257315607
1135,40.68126926896612,108.78439518400316
1136,40.656593079572126,108.86830892806634
1137,40.63196224806236,108.95232414291547
1138,40.60737693829728,109.03644116741823
1139,40.58283731448738,109.12066034173962
1140,40.55834354119322,109.20498200734232
1141,40.53389578332544,109.28940650698661
1142,40.50949420614476,109.37393418473016
1143,40.48513897526195,109.45856538592835
1144,40.46083025663784,109.54330045723412
1145,40.43656821658337,109.62813974659795
1146,40.41235302175951,109.71308360326779
1147,40.38818483917729,109.79813237778939
1148,40.36406383619785,109.8832864220058
1149,40.339990180532375,109.9685460890578
1150,40.315964040242115,110.05391173338361
1151,40.2919855837384,110.13938371071914
1152,40.268054979782605,110.22496237809783
1153,40.2441723974862,110.3106480938507
1154,40.22033800631072,110.39644121760622
1155,40.196551976067745,110.48234211029052
1156,40.17281447691895,110.56835113412734
1157,40.14912567937607,110.65446865263777
1158,40.12548575430091,110.7406950306408
1159,40.101894872905326,110.82703063425265
1160,40.07835320675126,110.91347583088736
1161,40.05486092775074,111.0000309892564
1162,40.03141820816583,111.0866964793688
1163,40.00802522060866,111.1734726725312
1164,39.98468213804145,111.26035994134779
1165,39.96138913377649,111.34735865972024
1166,39.938146381476116,111.43446920284805
1167,39.91495405515276,111.52169194722802
1168,39.89181232916889,111.60902727065452
1169,39.868721378237076,111.69647555221964
1170,39.84568137741993,111.78403717231285
1171,39.82269250213015,111.87171251262144
1172,39.7997549281305,111.95950195612998
1173,39.77686883153379,112.04740588712082
1174,39.75403438880293,112.13542469117377
1175,39.73125177675089,112.22355875516615
1176,39.70852117254069,112.31180846727305
1177,39.68584275368543,112.40017421696683
1178,39.66321669804829,112.48865639501773
1179,39.64064318384251,112.57725539349325
1180,39.61812238963138,112.66597160575874
1181,39.5956544943283,112.75480542647686
1182,39.573239677196696,112.84375725160808
1183,39.55087811785009,112.93282747841018
1184,39.528569996252045,113.02201650543864
1185,39.506315492716226,113.11132473254652
1186,39.48411478790635,113.2007525608845
1187,39.461968062836185,113.29030039290062
1188,39.43987549886961,113.37996863234065
1189,39.41783727772053,113.46975768424788
1190,39.39585358145295,113.55966795496313
1191,39.37392459248091,113.64969985212487
1192,39.35205049356855,113.73985378466898
1193,39.33023146783006,113.83013016282916
1194,39.30846769872971,113.92052939813638
1195,39.286759370081825,114.01105190341941
1196,39.26510666605081,114.1016980928044
1197,39.24350977115114,114.19246838171514
1198,39.22196887024736,114.28336318687303
1199,39.200484148554054,114.3743829262971
1200,39.17905579163592,114.46552801930373
1201,39.15768398540768,114.55679888650698
1202,39.13636891613415,114.64819594981846
1203,39.11511077043021,114.73971963244735
1204,39.09390973526083,114.83137035890047
1205,39.07276599794101,114.92314855498203
1206,39.05167974613582,115.01505464779396
1207,39.030651167860434,115.10708906573578
1208,39.00968045148008,115.19925223850431
1209,38.98876778571002,115.29154459709426
1210,38.96791335961563,115.38396657379765
1211,38.947117362612346,115.47651860220434
1212,38.92637998446565,115.56920111720139
1213,38.905701415291105,115.66201455497375
1214,38.88508184555435,115.75495935300384
1215,38.864521466071096,115.84803595007148
1216,38.84402046800709,115.9412447862543
1217,38.82357904287819,116.03458630292724
1218,38.80319738255027,116.12806094276301
1219,38.782875679239346,116.22166914973197
1220,38.76261412551143,116.31541136910167
1221,38.74241291428265,116.40928804743756
1222,38.722272238819194,116.50329963260253
1223,38.70219229273728,116.59744657375693
1224,38.68217327000324,116.69172932135896
1225,38.66221536493345,116.78614832716409
1226,38.642318772194386,116.8807040442255
1227,38.62248368680256,116.97539692689394
1228,38.60271030412454,117.07022743081768
1229,38.58299881987703,117.16519601294252
1230,38.563349430126706,117.26030313151189
1231,38.54376233129039,117.35554924606677
1232,38.52423772013494,117.45093481744573
1233,38.504775793777284,117.5464603077849
1234,38.48537674968444,117.64212618051783
1235,38.466040785673464,117.73793290037585
1236,38.446768099911495,117.83388093338763
1237,38.42755889091574,117.92997074687966
1238,38.40841335755346,118.02620280947579
1239,38.38933169904201,118.12257759109757
1240,38.370314114948805,118.21909556296399
1241,38.35136080519132,118.3157571975917
1242,38.33247197003709,118.41256296879484
1243,38.313647810103745,118.50951335168506
1244,38.29488852635897,118.60660882267194
1245,38.27619432012052,118.70384985946205
1246,38.2575653930562,118.80123694106004
1247,38.239001947183894,118.8987705477678
1248,38.22050418487161,118.9964511611849
1249,38.20207230883731,119.09427926420847
1250,38.18370652214913,119.1922553410331
1251,38.165407028225225,119.29037987715125
1252,38.14717403083383,119.38865335935265
1253,38.12900773409322,119.48707627572468
1254,38.1109083424718,119.5856491156522
1255,38.09287606078799,119.68437236981782
1256,38.07491109421029,119.78324653020152
1257,38.057013648257275,119.88227209008107
1258,38.039183928797584,119.98144954403148
1259,38.021422142049936,120.08077938792573
1260,38.00372849458311,120.18026211893404
1261,37.98610319331595,120.2798982355243
1262,37.968546445517376,120.379688237462
1263,37.951058458806365,120.47963262581003
1264,37.933639441151975,120.57973190292913
1265,37.91628960087332,120.6799865724774
1266,37.8990091466396,120.78039713941055
1267,37.88179828747005,120.8809641099819
1268,37.86465723273402,120.98168799174218
1269,37.84758619215091,121.08256929353979
1270,37.83058537579015,121.1836085255209
1271,37.8136549940713,121.28480619912878
1272,37.79679525776395,121.38616282710473
1273,37.78000637798777,121.48767892348734
1274,37.7632885662125,121.5893550036128
1275,37.746642034257924,121.69119158411492
1276,37.73006699429395,121.79318918292498
1277,37.7135636588405,121.89534831927205
1278,37.69713224076756,121.99766951368244
1279,37.68077295329526,122.10015328798033
1280,37.6644860099937,122.2028001652873
1281,37.64827162478313,122.3056106700225
1282,37.63213001193381,122.40858532790266
1283,37.616061386066114,122.51172466594203
1284,37.600065962150445,122.61502921245247
1285,37.58414395550728,122.71849949704358
1286,37.568295581807206,122.82213605062219
1287,37.552521057070834,122.92593940539294
1288,37.536820597668864,123.02991009485785
1289,37.52119442032205,123.13404865381663
1290,37.50564274210123,123.23835561836657
1291,37.49016578042729,123.34283152590245
1292,37.47476375307122,123.44747691511668
1293,37.45943687815403,123.55229232599919
1294,37.44418537414685,123.65727829983746
1295,37.42900945987085,123.76243537921658
1296,37.41390935449724,123.86776410801907
1297,37.398885277547365,123.97326503142529
1298,37.38393744889259,124.07893869591294
1299,37.36906608875436,124.18478564925726
1300,37.35427141770419,124.29080644053131
1301,37.33955365666367,124.39700162010533
1302,37.32491302690444,124.5033717396475
1303,37.31034975004822,124.60991735212335
1304,37.29586404806682,124.71663901179596
1305,37.28145614328208,124.82353727422611
1306,37.26712625836593,124.93061269627204
1307,37.25287461634035,125.03786583608954
1308,37.23870144057742,125.1452972531321
1309,37.22460695479926,125.25290750815066
1310,37.21059138307808,125.3606971631937
1311,37.19665494983614,125.46866678160731
1312,37.18279787984577,125.57681692803521
1313,37.16902039822938,125.68514816841852
1314,37.15532273045945,125.79366106999609
1315,37.141705102358515,125.90235620130429
1316,37.12816774009917,126.01123413217692
1317,37.1147108702041,126.12029543374555
1318,37.101334719546074,126.22954067843924
1319,37.08803951534788,126.33897043998448
1320,37.074825485182416,126.44858529340547
1321,37.06169285697262,126.55838581502398
1322,37.048641858991516,126.66837258245933
1323,37.035672719862205,126.77854617462832
1324,37.02278566855783,126.88890717174536
1325,37.009980934401625,126.99945615532246
1326,36.99725874706687,127.11019370816919
1327,36.984619336576934,127.22112041439263
1328,36.97206293330526,127.33223685939745
1329,36.959589767975324,127.44354362988591
1330,36.947200071660696,127.55504131385783
1331,36.934894075785024,127.66673050061058
1332,36.92267201212202,127.77861178073904
1333,36.910534112795425,127.89068574613574
1334,36.89848061027911,128.00295298999077
1335,36.886511737396965,128.11541410679163
1336,36.874627727322974,128.22806969232371
1337,36.86282881358118,128.3409203436696
1338,36.8511152300457,128.4539666592097
1339,36.83948721094071,128.56720923862187
1340,36.82794499084048,128.6806486828815
1341,36.816488804669305,128.79428559426165
1342,36.80511888770159,128.90812057633286
1343,36.79383547556179,129.02215423396333
1344,36.782638804224405,129.13638717331872
1345,36.771529110014065,129.25082000186228
1346,36.760506629605416,129.3654533283549
1347,36.749571600023174,129.4802877628548
1348,36.73872425864216,129.5953239167182
1349,36.72796484318722,129.71056240259838
1350,36.7172935917333,129.82600383444657
1351,36.70671074270541,129.9416488275114
1352,36.6962165348786,130.057497998339
1353,36.685811207378045,130.1735519647732
1354,36.67549499967891,130.28981134595534
1355,36.66526815160651,130.40627676232427
1356,36.655130903336165,130.5229488356166
1357,36.64508349539329,130.6398281888662
1358,36.635126168653386,130.75691544640475
1359,36.625259164342,130.87421123386142
1360,36.615482724034734,130.9917161781629
1361,36.60579708965729,131.10943090753344
1362,36.59620250348542,131.22735605149492
1363,36.58669920814495,131.3454922408668
1364,36.57728744661176,131.46384010776606
1365,36.56796746221183,131.58240028560718
1366,36.558739498621186,131.70117340910232
1367,36.54960379986592,131.82016011426106
1368,36.540560610322196,131.93936103839073
1369,36.53161017471624,132.05877682009609
1370,36.522752738124375,132.17840809927952
1371,36.51398854597297,132.298255517141
1372,36.505317844038444,132.4183197161779
1373,36.496740878447326,132.53860134018532
1374,36.488257895676185,132.6591010342559
1375,36.47986914255167,132.7798194447798
1376,36.47157486625049,132.90075721944487
1377,36.46337531429943,133.0219150072362
1378,36.45527073457533,133.14329345843686
1379,36.44726137530513,133.2648932246273
1380,36.4393474850658,133.3867149586853
1381,36.4315293127844,133.50875931478663
1382,36.42380710773806,133.63102694840435
1383,36.41618111955395,133.75351851630927
1384,36.40865159820935,133.87623467656942
1385,36.40121879403161,133.99917608855077
1386,36.393882957698075,134.12234341291668
1387,36.38664434023625,134.24573731162815
1388,36.37950319302366,134.36935844794357
1389,36.372459767787895,134.49320748641912
1390,36.36551431660665,134.61728509290845
1391,36.35866709190765,134.74159193456265
1392,36.351918346468686,134.86612867983064
1393,36.34526833341766,134.9908959984586
1394,36.33871730623251,135.11589456149056
1395,36.33226551874125,135.2411250412679
1396,36.325913225121965,135.3665881114297
1397,36.31966067990279,135.49228444691252
1398,36.31350813796197,135.61821472395053
1399,36.30745585452776,135.74437962007542
1400,36.30150408517852,135.87077981411647
1401,36.2956530858427,135.9974159862006
1402,36.28990311279876,136.12428881775213
1403,36.28425442267529,136.25139899149303
1404,36.27870727245089,136.37874719144287
1405,36.27326191945427,136.5063341029188
1406,36.26791862136422,136.63416041253538
1407,36.262677636209524,136.76222680820487
1408,36.25753922236912,136.89053397913713
1409,36.25250363857196,137.01908261583952
1410,36.2475711438971,137.1478734101169
1411,36.24274199777363,137.27690705507166
1412,36.23801645998074,137.40618424510407
1413,36.23339479064767,137.53570567591157
1414,36.22887725025373,137.66547204448935
1415,36.224464099628314,137.79548404913027
1416,36.22015559995085,137.92574238942456
1417,36.21595201275087,138.0562477662601
1418,36.21185359990795,138.18700088182223
1419,36.20786062365176,138.31800243959407
1420,36.203973346562016,138.44925314435613
1421,36.2001920315685,138.58075370218657
1422,36.19651694195109,138.71250482046102
1423,36.19294834133969,138.84450720785273
1424,36.18948649371432,138.97676157433256
1425,36.18613166340504,139.10926863116896
1426,36.18288411509197,139.24202909092767
1427,36.17974411380532,139.3750436674724
1428,36.17671192492538,139.50831307596405
1429,36.17378781418244,139.64183803286141
1430,36.17097204765696,139.77561925592062
1431,36.168264891779394,139.9096574641954
1432,36.16566661333027,140.0439533780372
1433,36.16317747944023,140.17850771909468
1434,36.160797757589926,140.3133212103145
1435,36.15852771561014,140.4483945759407
1436,36.15636762168165,140.58372854151472
1437,36.15431774433537,140.71932383387576
1438,36.15237835245225,140.85518118116053
1439,36.15054971526331,140.99130131280333
1440,36.14883210234962,141.12768495953603
1441,36.14722578364239,141.26433285338794
1442,36.145731029422805,141.40124572768605
1443,36.144348110322184,141.53842431705505
1444,36.14307729732186,141.67586935741673
1445,36.14191886175331,141.81358158599102
1446,36.140873075297996,141.95156174129502
1447,36.13994020998751,142.08981056314352
1448,36.139120538203485,142.2283287926489
1449,36.138414332677634,142.36711717222113
1450,36.13782186649173,142.50617644556752
1451,36.137343413077616,142.64550735769325
1452,36.13697924621719,142.7851106549009
1453,36.13672964004244,142.92498708479067
1454,36.13659486903543,143.0651373962602
1455,36.13657520802826,143.20556233950495
1456,36.13667093220313,143.34626266601754
1457,36.13688231709227,143.48723912858858
1458,36.13720963857803,143.62849248130604
1459,36.13765317289278,143.77002347955542
1460,36.13821319661899,143.91183288001992
1461,36.138889986689186,144.0539214406801
1462,36.13968382038596,144.1962899208143
1463,36.14059497534198,144.3389390809983
1464,36.14162372953997,144.48186968310546
1465,36.14277036131275,144.62508249030682
1466,36.14403514934317,144.76857826707078
1467,36.145418372664174,144.9123577791633
1468,36.146920310658786,145.05642179364827
1469,36.14854124306006,145.20077107888665
1470,36.15028144995114,145.34540640453739
1471,36.152141211765255,145.49032854155664
1472,36.15412080928565,145.63553826219834
1473,36.15622052364571,145.78103634001408
1474,36.158440636328834,145.92682354985266
1475,36.16078142916851,146.07290066786075
1476,36.163243184348296,146.2192684714825
1477,36.16582618440181,146.3659277394596
1478,36.168530712212736,146.51287925183138
1479,36.171357051014844,146.66012378993457
1480,36.17430548439196,146.8076621364036
1481,36.17737629627796,146.95549507517055
1482,36.180569770956836,147.10362339146474
1483,36.1838861930626,147.2520478718135
1484,36.187325847579366,147.40076930404115
1485,36.1908890198413,147.54978847727017
1486,36.19457599553264,147.69910618192034
1487,36.19838706068769,147.84872320970885
1488,36.20232250169082,147.99864035365079
1489,36.20638260527648,148.1488584080585
1490,36.21056765852918,148.29937816854203
1491,36.2148779488835,148.450200432009
1492,36.21931376412408,148.60132599666454
1493,36.223875392385644,148.75275566201154
1494,36.22856312215298,148.9044902288501
1495,36.23337724226092,149.05653049927813
1496,36.23831804189441,149.20887727669108
1497,36.24338581058844,149.36153136578196
1498,36.24858083822806,149.51449357254128
1499,36.25390341504839,149.66776470425708
1500,36.259353831634634,149.82134556951513
1501,36.26493237892204,149.97523697819872
1502,36.27063934819597,150.12943974148848
1503,36.27647503109181,150.28395467186294
1504,36.28243971959502,150.43878258309798
1505,36.28853370604114,150.593924290267
1506,36.29475728311579,150.7493806097413
1507,36.301110743854636,150.90515235918923
1508,36.30759438164342,151.0612403575771
1509,36.314208490217936,151.2176454251687
1510,36.32095336366409,151.37436838352534
1511,36.32782929641782,151.53141005550583
1512,36.33483658326513,151.68877126526667
1513,36.34197551934212,151.8464528382617
1514,36.34924640013494,152.00445560124285
1515,36.3566495214798,152.16278038225894
1516,36.36418517956301,152.32142801065683
1517,36.371853670920906,152.48039931708064
1518,36.379655292439935,152.63969513347234
1519,36.387590341356564,152.79931629307123
1520,36.39565911525738,152.95926363041428
1521,36.40386191207901,153.11953798133607
1522,36.41219903010816,153.28014018296864
1523,36.42067076798158,153.44107107374163
1524,36.429277424686134,153.6023314933823
1525,36.438019299558704,153.7639222829153
1526,36.446896692286266,153.92584428466313
1527,36.455909902905866,154.0880983422456
1528,36.465059231804624,154.2506853005801
1529,36.47434497971971,154.41360600588183
1530,36.48376744773836,154.57686130566327
1531,36.4933269372979,154.74045204873468
1532,36.50302375018573,154.90437908520363
1533,36.51285818853927,155.06864326647553
1534,36.522830554846074,155.23324544525332
1535,36.5329411519437,155.3981864755371
1536,36.543190283019825,155.56346721262514
1537,36.55357825161218,155.7290885131129
1538,36.56410536160855,155.89505123489337
1539,36.57477191724679,156.06135623715738
1540,36.585578223114844,156.22800438039306
1541,36.596524584150714,156.39499652638625
1542,36.60761130564245,156.5623335382204
1543,36.61883869322821,156.7300162802763
1544,36.63020705289619,156.89804561823243
1545,36.64171669098466,157.06642241906493
1546,36.65336791418196,157.23514755104736
1547,36.66516102952651,157.40422188375095
1548,36.67709634440677,157.57364628804447
1549,36.68917416656131,157.74342163609413
1550,36.70139480407873,157.9135488013639
1551,36.713758565397725,158.08402865861513
1552,36.72626575930703,158.25486208390691
1553,36.73891669494549,158.42604995459573
1554,36.751711681801964,158.5975931493358
1555,36.764651029715424,158.7694925480787
1556,36.777735048874916,158.94174903207374
1557,36.7909640498195,159.1143634838678
1558,36.80433834343836,159.2873367873052
1559,36.81785824097072,159.46066982752797
1560,36.83152405400588,159.63436349097546
1561,36.8453360944832,159.80841866538486
1562,36.85929467469213,159.9828362397909
1563,36.873400107272175,160.1576171045256
1564,36.887652705212886,160.33276215121884
1565,36.90205278185394,160.50827227279794
1566,36.916600650885,160.68414836348768
1567,36.9312966263459,160.86039131881077
1568,36.94614102262643,161.03700203558702
1569,36.96113415446654,161.21398141193401
1570,36.97627633695621,161.39133034726714
1571,36.99156788553548,161.56904974229883
1572,37.007009115994464,161.74714049903957
1573,37.022600344473375,161.92560352079698
1574,37.03834188746247,162.1044397121767
1575,37.05423406180205,162.2836499790816
1576,37.070277184682524,162.46323522871222
1577,37.08647157364435,162.64319636956674
1578,37.102817546578066,162.82353431144065
1579,37.11931542172426,163.00424996542728
1580,37.135965517673604,163.18534424391754
1581,37.152768153366836,163.36681806059954
1582,37.169723648094745,163.5486723304594
1583,37.18683232149824,163.73090796978053
1584,37.20409449356823,163.91352589614394
1585,37.22151048464573,164.09652702842834
1586,37.23908061542182,164.27991228680975
1587,37.25680520693764,164.46368259276213
1588,37.27468458058441,164.64783886905656
1589,37.29271905810343,164.83238203976202
1590,37.310908961586016,165.017313030245
1591,37.329254613473616,165.20263276716935
1592,37.34775633655771,165.3883421784967
1593,37.36641445397986,165.5744421934863
1594,37.385229289231674,165.7609337426946
1595,37.40420116615486,165.94781775797597
1596,37.42333040894118,166.13509517248224
1597,37.442617342132465,166.32276692066284
1598,37.4620622906206,166.51083393826457
1599,37.48166557964757,166.69929716233202
1600,37.501427534805394,166.88815753120724
1601,37.521348482036174,167.07741598452992
1602,37.541428747632104,167.2670734632372
1603,37.56166865823542,167.4571309095639
1604,37.5820685408384,167.64758926704224
1605,37.60262872278346,167.83844948050216
1606,37.62334953176302,168.02971249607123
1607,37.644231295819615,168.22137926117432
1608,37.66527434334579,168.41345072453402
1609,37.686479003084244,168.60592783617057
1610,37.70784560412767,168.79881154740167
1611,37.72937447591886,168.99210281084245
1612,37.751065948250684,169.18580258040592
1613,37.772920351266045,169.37991181130246
1614,37.79493801545794,169.57443146003993
1615,37.81711927166944,169.769362484424
1616,37.83946445109366,169.9647058435575
1617,37.86197388527383,170.16046249784142
1618,37.884647906103176,170.3566334089739
1619,37.907486845825055,170.55321953995053
1620,37.930491037032866,170.7502218550649
1621,37.95366081267008,170.94764131990772
1622,37.97699650603024,171.1454789013676
1623,38.00049845075696,171.3437355676306
1624,38.024166980843894,171.54241228818023
1625,38.048002430634824,171.74151003379777
1626,38.07200513482352,171.94102977656178
1627,38.0961754284539,172.14097248984865
1628,38.12051364691991,172.3413391483324
1629,38.14502012596555,172.54213072798422
1630,38.16969520168493,172.7433482060732
1631,38.19453921052219,172.94499256116592
1632,38.21955248927155,173.1470647731264
1633,38.24473537507732,173.34956582311645
1634,38.27008820543385,173.55249669359523
1635,38.29561131818558,173.75585836831954
1636,38.321305051527,173.95965183234387
1637,38.34716974400266,174.16387807201994
1638,38.373205734507216,174.3685380749975
1639,38.39941336228538,174.57363283022346
1640,38.4257929669319,174.77916332794246
1641,38.45234488839163,174.98513055969676
1642,38.479069466959466,175.19153551832596
1643,38.505967043280386,175.39837919796764
1644,38.533037958349425,175.60566259405647
1645,38.56028255351175,175.81338670332497
1646,38.58770117046249,176.02155252380328
1647,38.61529415124691,176.2301610548187
1648,38.64306183826033,176.4392132969965
1649,38.67100457424813,176.64871025225955
1650,38.69912270230577,176.85865292382783
1651,38.727416565878784,177.0690423162194
1652,38.75588650876276,177.27987943524954
1653,38.784532875103345,177.49116528803128
1654,38.81335600939627,177.70290088297511
1655,38.842356256487356,177.91508722978904
1656,38.871533961572446,178.1277253394789
1657,38.900889470197484,178.34081622434772
1658,38.93042312825846,178.55436089799645
1659,38.96013528200146,178.7683603753233
1660,38.990026278022626,178.98281567252423
1661,39.02009646326815,179.19772780709266
1662,39.0503461850343,179.41309779781977
1663,39.08077579096745,179.628926664794
1664,39.111385629063996,179.84521542940166
1665,39.14217604767044,180.0619651143263
1666,39.17314739548331,180.27917674354939
1667,39.20430002154922,180.4968513423496
1668,39.23563427526487,180.7149899373035
1669,39.267150506377014,180.93359355628502
1670,39.29884906498246,181.15266322846583
1671,39.33073030152813,181.37219998431482
1672,39.36279456681096,181.59220485559877
1673,39.39504221197799,181.8126788753819
1674,39.427473588526304,182.03362307802615
1675,39.460089048303075,182.25503849919062
1676,39.492888943505555,182.4769261758326
1677,39.525873626681005,182.69928714620613
1678,39.55904345072684,182.92212244986365
1679,39.59239876889047,183.1454331276547
1680,39.6259399347694,183.36922022172638
1681,39.65966730231123,183.59348477552348
1682,39.69358122581358,183.81822783378828
1683,39.72768205992419,184.04345044256075
1684,39.76197015964083,184.2691536491783
1685,39.79644588031133,184.49533850227576
1686,39.83110957763363,184.722006051786
1687,39.865961607655706,184.9491573489389
1688,39.90100232677562,185.17679344626234
1689,39.936232091741495,185.40491539758153
1690,39.97165125965151,185.6335242580193
1691,40.00726018795394,185.862621083996
1692,40.0430592344471,186.09220693322953
1693,40.079048757279395,186.32228286473546
1694,40.115229114949294,186.55284993882702
1695,40.15160066630532,186.78390921711463
1696,40.188163770546076,187.01546176250662
1697,40.22491878722025,187.24750863920877
1698,40.26186607622654,187.48005091272438
1699,40.299005997813794,187.71308964985445
1700,40.33633891258087,187.94662591869724
1701,40.37386518147674,188.18066078864885
1702,40.411585165800375,188.4151953304031
1703,40.449499227200874,188.65023061595085
1704,40.48760772767739,188.88576771858104
1705,40.52591102957912,189.1218077128798
1706,40.56440949560538,189.35835167473095
1707,40.6031034888055,189.5954006813162
1708,40.64199337257892,189.83295581111418
1709,40.68107951067512,190.07101814390165
1710,40.720362267193664,190.30958876075255
1711,40.75984200658417,190.54866874403865
1712,40.799519093646346,190.78825917742927
1713,40.83939389352997,191.028361145891
1714,40.87946677173485,191.2689757356884
1715,40.9197380941109,191.51010403438326
1716,40.960208226858065,191.7517471308351
1717,41.00087753652641,191.99390611520107
1718,41.04174639001606,192.2365820789356
1719,41.08281515457714,192.479776114791
1720,41.12408419780994,192.72348931681705
1721,41.16555388766476,192.96772278036093
1722,41.20722459244195,193.21247760206765
1723,41.249096680792,193.4577548798796
1724,41.2911705217154,193.70355571303668
1725,41.33344648456274,193.94988120207654
1726,41.37592493903468,194.19673244883444
1727,41.41860625518194,194.44411055644287
1728,41.46149080340532,194.6920166293321
1729,41.50457895445567,194.9404517732299
1730,41.54787107943392,195.18941709516196
1731,41.59136754979105,195.43891370345102
1732,41.635068737328154,195.6889427077175
1733,41.67897501419635,195.93950521887965
1734,41.72308675289681,196.19060234915298
1735,41.767404326280854,196.44223521205083
1736,41.81192810754979,196.69440492238385
1737,41.85665847025504,196.9471125962604
1738,41.90159578829806,197.2003593510864
1739,41.94674043593042,197.45414630556536
1740,41.99209278775372,197.70847457969822
1741,42.03765321871962,197.96334529478355
1742,42.083422104129895,198.2187595734176
1743,42.12939981963634,198.47471853949398
1744,42.17558674124086,198.73122331820394
1745,42.2219832452954,198.9882750360366
1746,42.26858970850198,199.24587482077797
1747,42.31540650791269,199.5040238015124
1748,42.3624340209297,199.76272310862117
1749,42.409672625305205,200.0219738737834
1750,42.45712269914155,200.28177722997594
1751,42.504784620891066,200.54213431147284
1752,42.552658769356164,200.80304625384593
1753,42.6007455236894,201.0645141939646
1754,42.649045263393326,201.32653926999564
1755,42.69755836832056,201.5891226214038
1756,42.746285218673805,201.8522653889509
1757,42.79522619500586,202.11596871469658
1758,42.84438167821955,202.38023374199815
1759,42.89375204956781,202.64506161551012
1760,42.943337690653586,202.91045348118504
1761,42.99313898342994,203.17641048627263
1762,43.043156310200004,203.44293377932027
1763,43.09339005361694,203.71002451017324
1764,43.143840596684015,203.97768382997373
1765,43.19450832275453,204.2459128911621
1766,43.2453936155319,204.51471284747595
1767,43.296496859069585,204.78408485395056
1768,43.34781843777109,205.05403006691876
1769,43.39935873639002,205.3245496440108
1770,43.45111814003003,205.5956447441548
1771,43.503097034144886,205.86731652757624
1772,43.55529580453836,206.13956615579804
1773,43.60771483736432,206.41239479164102
1774,43.66035451912672,206.6858035992232
1775,43.71321523667954,206.95979374396057
1776,43.76629737722687,207.23436639256624
1777,43.81960132832286,207.50952271305115
1778,43.873127477871705,207.78526387472388
1779,43.926876214127695,208.0615910481903
1780,43.98084792569517,208.33850540535403
1781,44.03504300152855,208.61600811941622
1782,44.08946183093233,208.89410036487573
1783,44.14410480356104,209.17278331752857
1784,44.19897230941931,209.45205815446877
1785,44.25406473886184,209.7319260540876
1786,44.309382482593385,210.0123881960742
1787,44.364925931668765,210.29344576141486
1788,44.42069547749285,210.57509993239398
1789,44.476691511820654,210.85735189259293
1790,44.532914426757195,211.14020282689103
1791,44.58936461475755,211.42365392146513
1792,44.64604246862691,211.70770636378955
1793,44.70294838152049,211.99236134263623
1794,44.76008274694363,212.27762004807445
1795,44.817445958751655,212.56348367147146
1796,44.875038411150044,212.84995340549182
1797,44.9328604986943,213.13703044409772
1798,44.99091261629,213.42471598254892
1799,45.049195159192784,213.71301121740254
1800,45.1077085230084,214.0019173465136
1801,45.16645310369257,214.29143556903452
1802,45.22542929755119,214.5815670854152
1803,45.284637501240184,214.87231309740338
1804,45.344078111765526,215.16367480804388
1805,45.40375152648328,215.45565342167964
1806,45.46365814309956,215.74825014395077
1807,45.52379835967057,216.04146618179516
1808,45.58417257460258,216.33530274344815
1809,45.64478118665193,216.62976103844255
1810,45.705624594925,216.92484227760906
1811,45.76670319887825,217.2205476730757
1812,45.828017398318245,217.516878438268
1813,45.88956759340156,217.81383578790934
1814,45.951354184634894,218.11142093802027
1815,46.01337757287497,218.40963510591916
1816,46.0756381593286,218.708479510222
1817,46.13813634555268,219.007955370842
1818,46.20087253345415,219.3080639089905
1819,46.263847125290006,219.60880634717597
1820,46.32706052366735,219.9101839092043
1821,46.390513131543344,220.21219782017954
1822,46.45420535222517,220.51484930650275
1823,46.51813758937015,220.81813959587276
1824,46.582310246985614,221.12206991728613
1825,46.64672372942903,221.4266415010366
1826,46.711378441407874,221.7318555787159
1827,46.776274787979695,222.03771338321297
1828,46.84141317455213,222.3442161487145
1829,46.90679400688289,222.65136511070483
1830,46.97241769107972,222.9591615059656
1831,47.038284633600476,223.26760657257609
1832,47.10439524125306,223.5767015499133
1833,47.17074992119543,223.88644767865185
1834,47.23734908093564,224.19684620076356
1835,47.3041931283318,224.5078983595181
1836,47.371282471592096,224.8196053994826
1837,47.43861751927476,225.1319685665219
1838,47.506198680288094,225.4449891077981
1839,47.57402636389051,225.75866827177123
1840,47.64210097969047,226.0730073081986
1841,47.71042293764645,226.38800746813536
1842,47.778992648067046,226.7036700039339
1843,47.84781052161094,227.01999616924422
1844,47.916876969286854,227.33698721901436
1845,47.98619240245358,227.65464440948915
1846,48.05575723281997,227.97296899821168
1847,48.12557187244497,228.29196224402216
1848,48.19563673373756,228.61162540705863
1849,48.26595222945682,228.93195974875653
1850,48.33651877271188,229.25296653184893
1851,48.40733677696194,229.57464702036634
1852,48.47840665601628,229.89700247963725
1853,48.549728824034254,230.22003417628707
1854,48.621303695525235,230.5437433782394
1855,48.69313168534875,230.86813135471482
1856,48.76521320871429,231.19319937623197
1857,48.83754868118151,231.51894871460695
1858,48.910138518660084,231.84538064295305
1859,48.98298313740976,232.17249643568158
1860,49.056082954040335,232.5002973685012
1861,49.12943838551174,232.82878471841815
1862,49.20304984913392,233.15795976373641
1863,49.276917762566875,233.48782378405713
1864,49.351042543820725,233.81837806027943
1865,49.425424611255615,234.1496238745998
1866,49.50006438358179,234.48156251051222
1867,49.574962279859534,234.81419525280853
1868,49.65011871949922,235.14752338757768
1869,49.72553412226129,235.48154820220674
1870,49.80120890825623,235.81627098537984
1871,49.87714349794464,236.15169302707892
1872,49.95333831213713,236.4878156185835
1873,50.02979377199443,236.8246400524705
1874,50.10651029902731,237.16216762261462
1875,50.18348831509661,237.500399624188
1876,50.26072824241327,237.83933735366037
1877,50.33823050353823,238.17898210879895
1878,50.41599552138255,238.51933518866872
1879,50.49402371920739,238.8603978936319
1880,50.5723155206239,239.2021715253486
1881,50.65087134959336,239.5446573867763
1882,50.729691630427084,239.88785678217027
1883,50.80877678778646,240.2317710170829
1884,50.888127246682956,240.57640139836457
1885,50.96774343247809,240.9217492341632
1886,51.04762577088347,241.26781583392392
1887,51.12777468796078,241.6146025083898
1888,51.20819061012172,241.96211056960124
1889,51.2888739641281,242.31034133089645
1890,51.36982517709181,242.65929610691086
1891,51.45104467647478,243.00897621357774
1892,51.53253289008904,243.35938296812793
1893,51.614290246096616,243.71051768908944
1894,51.69631717300971,244.0623816962884
1895,51.7786140996905,244.41497631084826
1896,51.86118145535126,244.76830285518992
1897,51.94401966955438,245.12236265303198
1898,52.027129172212256,245.4771570293904
1899,52.11051039358739,245.83268731057922
1900,52.19416376429231,246.18895482420953
1901,52.27808971528966,246.54596089919
1902,52.36228867789214,246.90370686572714
1903,52.44676108376248,247.26219405532498
1904,52.53150736491355,247.62142380078478
1905,52.616527953708214,247.98139743620595
1906,52.70182328285945,248.34211629698495
1907,52.78739378543031,248.703581719816
1908,52.87323989483387,249.06579504269075
1909,52.95936204483331,249.4287576048987
1910,53.04576066954188,249.79247074702675
1911,53.132436203422884,250.15693581095917
1912,53.21938908128968,250.52215413987824
1913,53.30661973830573,250.8881270782635
1914,53.394128609984534,251.25485597189186
1915,53.48191613218971,251.62234216783827
1916,53.56998274113487,251.99058701447495
1917,53.658328873383766,252.3595918614717
1918,53.74695496585015,252.72935805979603
1919,53.83586145579788,253.09988696171274
1920,53.925048780840925,253.4711799207845
1921,54.01451737894324,253.8432382918714
1922,54.10426768841888,254.21606343113103
1923,54.19430014793198,254.58965669601872
1924,54.284615196496745,254.96401944528725
1925,54.375213273477456,255.33915303898686
1926,54.46609481858842,255.71505883846555
1927,54.55726027189403,256.09173820636875
1928,54.6487100738088,256.46919250663973
1929,54.74044466509724,256.84742310451867
1930,54.83246448687396,257.22643136654415
1931,54.92476998060365,257.6062186605517
1932,55.017361588101004,257.9867863556746
1933,55.11023975153091,258.368135822344
1934,55.20340491340822,258.75026843228807
1935,55.29685751659787,259.13318555853283
1936,55.390598004314896,259.51688857540177
1937,55.484626820124376,259.90137885851624
1938,55.57894440794145,260.28665778479467
1939,55.67355121203137,260.6727267324535
1940,55.76844767700941,261.05958708100644
1941,55.86363424784095,261.447240211265
1942,55.95911136984138,261.83568750533794
1943,56.054879488676235,262.22493034663194
1944,56.15093905036107,262.6149701198509
1945,56.24729050126151,263.00580821099663
1946,56.343934288093266,263.39744600736816
1947,56.44087085792209,263.78988489756233
1948,56.53810065816385,264.18312627147355
1949,56.63562413658444,264.5771715202935
1950,56.7334417412998,264.9720220365118
1951,56.831553920776045,265.36767921391555
1952,56.92996112382926,265.7641444475891
1953,57.028663799625605,266.16141913391476
1954,57.12766239768135,266.55950467057204
1955,57.226957367862795,266.95840245653847
1956,57.32654916038636,267.3581138920888
1957,57.42643822581846,267.75864037879535
1958,57.526625015075645,268.1599833195281
1959,57.62710997942449,268.56214411845474
1960,57.72789357048166,268.96512418104015
1961,57.8289762402139,269.3689249140471
1962,57.93035844093798,269.77354772553576
1963,58.03204062532078,270.1789940248641
1964,58.134023246379236,270.58526522268716
1965,58.236306757480335,270.99236273095806
1966,58.33889161234116,271.4002879629272
1967,58.44177826502885,271.8090423331426
1968,58.544967169960586,272.21862725745007
1969,58.648458781903685,272.6290441529925
1970,58.75225355597547,273.04029443821065
1971,58.856351947643375,273.4523795328431
1972,58.96075441272485,273.8653008579254
1973,59.06546140738746,274.2790598357911
1974,59.17047338814881,274.6936578900712
1975,59.2757908118766,275.10909644569426
1976,59.38141413578856,275.5253769288864
1977,59.487343817452555,275.9425007671712
1978,59.593580314786436,276.36046938937
1979,59.70012408605818,276.7792842256016
1980,59.80697558988584,277.1989467072823
1981,59.91413528523747,277.6194582671263
1982,60.02160363143123,278.0408203391446
1983,60.12938108813541,278.46303435864667
1984,60.23746811536826,278.88610176223904
1985,60.34586517349817,279.3100239878259
1986,60.45457272324354,279.734802474609
1987,60.563591225672944,280.1604386630876
1988,60.67292114220492,280.5869339950587
1989,60.78256293460811,281.0142899136166
1990,60.892517065001236,281.4425078631534
1991,61.002783995853086,281.8715892893588
1992,61.113364189982484,282.3015356392196
1993,61.224258110558374,282.7323483610209
1994,61.335466221099715,283.1640289043448
1995,61.44698898547557,283.59657872007097
1996,61.55882686790508,284.02999926037705
1997,61.67098033295741,284.4642919787379
1998,61.78344984555183,284.89945832992584
1999,61.89623587095767,285.3354997700114
2000,62.009338874794324,285.77241775636185
2001,62.12275932303126,286.2102137476427
2002,62.236497681988,286.64888920381645
2003,62.350554418334156,287.08844558614345
2004,62.464929999089364,287.528884357182
2005,62.57962489162341,287.9702069807871
2006,62.694639563656104,288.412414922112
2007,62.809974483257285,288.8555096476073
2008,62.92563011884691,289.29949262502123
2009,63.041606939195006,289.7443653233994
2010,63.15790541342162,290.19012921308496
2011,63.27452601099692,290.6367857657191
2012,63.391469201741124,291.08433645424003
2013,63.50873545582452,291.5327827528837
2014,63.62632524376745,291.9821261371839
2015,63.744239036440334,292.4323680839715
2016,63.86247730506368,292.88351007137504
2017,63.98104052120803,293.3355535788213
2018,64.09992915679403,293.78850008703347
2019,64.21914368409236,294.24235107803344
2020,64.33868457572378,294.69710803513976
2021,64.45855230465914,295.15277244296897
2022,64.57874734421931,295.60934578743536
2023,64.69927016807529,296.0668295557503
2024,64.8201212502481,296.52522523642307
2025,64.94130106510889,296.9845343192605
2026,65.06281008737876,297.44475829536685
2027,65.18464879212902,297.90589865714395
2028,65.30681765478094,298.3679568982913
2029,65.4293171511059,298.8309345138059
2030,65.55214775722538,299.29483299998225
2031,65.67530994961089,299.7596538544126
2032,65.79880420508397,300.2253985759865
2033,65.92263100081631,300.6920686648913
2034,66.04679081432965,301.1596656226118
2035,66.17128412349572,301.6281909519306
2036,66.29611140653644,302.0976461569272
2037,66.42127314202371,302.5680327429796
2038,66.54676980887953,303.03935221676255
2039,66.67260188637596,303.51160608624883
2040,66.79876985413509,303.98479586070863
2041,66.9252741921292,304.4589230507097
2042,67.05211538068053,304.9339891681175
2043,67.1792939004614,305.4099957260946
2044,67.30681023249423,305.88694423910187
2045,67.43466485815152,306.3648362228971
2046,67.56285825915572,306.8436731945359
2047,67.69139091757955,307.3234566723717
